{
    "true_label": 7,
    "probs": {
        "eps_0.0": [
            0.0,
            0.0,
            0.0,
            0.0,
            0.0,
            0.0,
            0.0,
            1.0,
            0.0,
            0.0
        ],
        "eps_0.05": [
            0.0,
            0.0,
            0.0,
            0.0,
            0.0,
            0.0,
            0.0,
            1.0,
            0.0,
            0.0
        ],
        "eps_0.1": [
            0.0,
            0.0,
            0.0,
            1e-06,
            0.0,
            0.0,
            0.0,
            0.999997,
            0.0,
            2e-06
        ],
        "eps_0.15": [
            0.0,
            0.0,
            0.0,
            1.9e-05,
            0.0,
            0.0,
            0.0,
            0.999969,
            0.0,
            1.2e-05
        ],
        "eps_0.2": [
            0.0,
            0.0,
            0.0,
            0.000246,
            0.0,
            0.0,
            0.0,
            0.99967,
            0.0,
            8.4e-05
        ],
        "eps_0.25": [
            0.0,
            0.0,
            0.0,
            0.002506,
            0.0,
            0.0,
            0.0,
            0.997036,
            0.0,
            0.000457
        ],
        "eps_0.3": [
            0.0,
            0.0,
            0.0,
            0.019364,
            0.0,
            0.0,
            0.0,
            0.978184,
            0.0,
            0.002452
        ],
        "eps_0.35": [
            0.0,
            0.0,
            0.0,
            0.109787,
            0.0,
            1e-06,
            0.0,
            0.878622,
            0.0,
            0.011589
        ],
        "eps_0.4": [
            0.0,
            0.0,
            0.0,
            0.372626,
            0.0,
            3e-06,
            0.0,
            0.600319,
            0.0,
            0.027052
        ],
        "eps_0.45": [
            0.0,
            0.0,
            1e-06,
            0.70689,
            0.0,
            3e-06,
            0.0,
            0.261343,
            0.0,
            0.031762
        ],
        "eps_0.5": [
            0.0,
            0.0,
            2e-06,
            0.871944,
            0.0,
            3e-06,
            0.0,
            0.099833,
            1e-06,
            0.028218
        ]
    }
}