{
    "true_label": 7,
    "probs": {
        "eps_0.0": [
            0.0,
            0.0,
            0.0,
            0.0,
            0.0,
            0.0,
            0.0,
            0.999982,
            0.0,
            1.8e-05
        ],
        "eps_0.05": [
            0.0,
            0.0,
            0.0,
            0.0,
            0.0,
            1e-06,
            0.0,
            0.999114,
            0.0,
            0.000885
        ],
        "eps_0.1": [
            0.0,
            0.0,
            0.0,
            2e-06,
            4e-06,
            1e-05,
            0.0,
            0.978523,
            0.0,
            0.02146
        ],
        "eps_0.15": [
            0.0,
            0.0,
            0.0,
            8e-06,
            2.9e-05,
            0.000113,
            0.0,
            0.667488,
            7e-06,
            0.332354
        ],
        "eps_0.2": [
            0.0,
            0.0,
            0.0,
            6e-06,
            5.2e-05,
            0.0002,
            0.0,
            0.100377,
            2.3e-05,
            0.899341
        ],
        "eps_0.25": [
            0.0,
            0.0,
            0.0,
            2e-06,
            4.4e-05,
            0.000126,
            0.0,
            0.005189,
            3.8e-05,
            0.994601
        ],
        "eps_0.3": [
            0.0,
            0.0,
            0.0,
            1e-06,
            3.2e-05,
            7.7e-05,
            0.0,
            0.000368,
            7.2e-05,
            0.999451
        ],
        "eps_0.35": [
            0.0,
            0.0,
            0.0,
            1e-06,
            3.1e-05,
            5.3e-05,
            0.0,
            3.4e-05,
            0.000201,
            0.999681
        ],
        "eps_0.4": [
            0.0,
            0.0,
            0.0,
            1e-06,
            4.9e-05,
            3.9e-05,
            0.0,
            8e-06,
            0.000734,
            0.999169
        ],
        "eps_0.45": [
            0.0,
            0.0,
            0.0,
            1e-06,
            8.1e-05,
            3e-05,
            0.0,
            3e-06,
            0.002546,
            0.997338
        ],
        "eps_0.5": [
            0.0,
            0.0,
            0.0,
            2e-06,
            0.000192,
            2.6e-05,
            0.0,
            2e-06,
            0.013787,
            0.985991
        ]
    }
}