{
    "true_label": 7,
    "probs": {
        "eps_0.0": [
            0.0,
            0.0,
            0.0,
            0.0,
            0.0,
            0.0,
            0.0,
            1.0,
            0.0,
            0.0
        ],
        "eps_0.05": [
            0.0,
            0.0,
            0.0,
            0.0,
            0.0,
            0.0,
            0.0,
            1.0,
            0.0,
            0.0
        ],
        "eps_0.1": [
            0.0,
            0.0,
            0.0,
            0.0,
            0.0,
            0.0,
            0.0,
            0.999999,
            0.0,
            1e-06
        ],
        "eps_0.15": [
            0.0,
            0.0,
            0.0,
            2e-06,
            0.0,
            0.0,
            0.0,
            0.999974,
            0.0,
            2.4e-05
        ],
        "eps_0.2": [
            0.0,
            0.0,
            0.0,
            3.1e-05,
            0.0,
            0.0,
            0.0,
            0.999458,
            0.0,
            0.00051
        ],
        "eps_0.25": [
            0.0,
            0.0,
            0.0,
            0.0005,
            0.0,
            0.0,
            0.0,
            0.990325,
            0.0,
            0.009175
        ],
        "eps_0.3": [
            0.0,
            0.0,
            0.0,
            0.006427,
            0.0,
            1e-06,
            0.0,
            0.799738,
            1e-06,
            0.193833
        ],
        "eps_0.35": [
            0.0,
            0.0,
            0.0,
            0.022273,
            0.0,
            2e-06,
            0.0,
            0.228083,
            9e-06,
            0.749633
        ],
        "eps_0.4": [
            0.0,
            0.0,
            0.0,
            0.03088,
            0.0,
            2e-06,
            0.0,
            0.037372,
            3.1e-05,
            0.931715
        ],
        "eps_0.45": [
            0.0,
            0.0,
            0.0,
            0.028957,
            0.0,
            1e-06,
            0.0,
            0.007519,
            8.6e-05,
            0.963437
        ],
        "eps_0.5": [
            0.0,
            0.0,
            0.0,
            0.030636,
            0.0,
            1e-06,
            0.0,
            0.003176,
            0.000222,
            0.965965
        ]
    }
}