{
    "true_label": 3,
    "probs": {
        "eps_0.0": [
            3e-06,
            0.000487,
            0.000749,
            0.57874,
            0.004931,
            0.001783,
            1e-05,
            1e-05,
            0.41324,
            4.6e-05
        ],
        "eps_0.05": [
            3e-06,
            1.5e-05,
            0.000175,
            0.001574,
            0.000798,
            0.002466,
            5.8e-05,
            2e-06,
            0.994902,
            7e-06
        ],
        "eps_0.1": [
            1e-06,
            1e-06,
            3.2e-05,
            9e-06,
            0.000143,
            0.001096,
            0.000223,
            0.0,
            0.998493,
            1e-06
        ],
        "eps_0.15": [
            0.0,
            0.0,
            7e-06,
            0.0,
            2.7e-05,
            0.000314,
            0.000719,
            0.0,
            0.998933,
            0.0
        ],
        "eps_0.2": [
            0.0,
            0.0,
            2e-06,
            0.0,
            7e-06,
            7.6e-05,
            0.001503,
            0.0,
            0.998412,
            0.0
        ],
        "eps_0.25": [
            0.0,
            0.0,
            1e-06,
            0.0,
            2e-06,
            1.9e-05,
            0.002433,
            0.0,
            0.997545,
            0.0
        ],
        "eps_0.3": [
            0.0,
            0.0,
            1e-06,
            0.0,
            0.0,
            5e-06,
            0.004112,
            0.0,
            0.995882,
            0.0
        ],
        "eps_0.35": [
            0.0,
            0.0,
            0.0,
            0.0,
            0.0,
            1e-06,
            0.006386,
            0.0,
            0.993612,
            0.0
        ],
        "eps_0.4": [
            0.0,
            0.0,
            0.0,
            0.0,
            0.0,
            0.0,
            0.007963,
            0.0,
            0.992037,
            0.0
        ],
        "eps_0.45": [
            0.0,
            0.0,
            0.0,
            0.0,
            0.0,
            0.0,
            0.007921,
            0.0,
            0.992079,
            0.0
        ],
        "eps_0.5": [
            0.0,
            0.0,
            0.0,
            0.0,
            0.0,
            0.0,
            0.005576,
            0.0,
            0.994424,
            0.0
        ]
    }
}