{
    "true_label": 1,
    "probs": {
        "eps_0.0": [
            0.0,
            0.999584,
            5.7e-05,
            0.0,
            2.2e-05,
            7e-06,
            5e-06,
            6e-05,
            0.000264,
            0.0
        ],
        "eps_0.05": [
            3.3e-05,
            0.046833,
            0.00974,
            0.000131,
            0.000287,
            0.002743,
            0.002007,
            0.001232,
            0.93696,
            3.4e-05
        ],
        "eps_0.1": [
            3e-06,
            2e-06,
            0.000855,
            4.4e-05,
            3e-06,
            0.000428,
            0.000185,
            1.4e-05,
            0.998459,
            7e-06
        ],
        "eps_0.15": [
            0.0,
            0.0,
            0.000179,
            1.7e-05,
            0.0,
            8.1e-05,
            2.3e-05,
            1e-06,
            0.999694,
            5e-06
        ],
        "eps_0.2": [
            0.0,
            0.0,
            2.7e-05,
            4e-06,
            0.0,
            2.2e-05,
            5e-06,
            0.0,
            0.999938,
            4e-06
        ],
        "eps_0.25": [
            0.0,
            0.0,
            3e-06,
            1e-06,
            0.0,
            6e-06,
            1e-06,
            0.0,
            0.999986,
            3e-06
        ],
        "eps_0.3": [
            0.0,
            0.0,
            0.0,
            0.0,
            0.0,
            2e-06,
            0.0,
            0.0,
            0.999996,
            2e-06
        ],
        "eps_0.35": [
            0.0,
            0.0,
            0.0,
            0.0,
            0.0,
            0.0,
            0.0,
            0.0,
            0.999998,
            1e-06
        ],
        "eps_0.4": [
            0.0,
            0.0,
            0.0,
            0.0,
            0.0,
            0.0,
            0.0,
            0.0,
            0.999999,
            1e-06
        ],
        "eps_0.45": [
            0.0,
            0.0,
            0.0,
            0.0,
            0.0,
            0.0,
            0.0,
            0.0,
            0.999999,
            0.0
        ],
        "eps_0.5": [
            0.0,
            0.0,
            0.0,
            0.0,
            0.0,
            0.0,
            0.0,
            0.0,
            1.0,
            0.0
        ]
    }
}