{
    "true_label": 1,
    "probs": {
        "eps_0.0": [
            0.0,
            0.999998,
            0.0,
            1e-06,
            0.0,
            0.0,
            0.0,
            0.0,
            2e-06,
            0.0
        ],
        "eps_0.05": [
            0.0,
            0.94154,
            1e-05,
            0.021137,
            1e-06,
            0.000133,
            1e-06,
            6e-06,
            0.037164,
            8e-06
        ],
        "eps_0.1": [
            0.0,
            0.000934,
            2.4e-05,
            0.389651,
            0.0,
            0.001498,
            0.0,
            1e-06,
            0.607888,
            4e-06
        ],
        "eps_0.15": [
            0.0,
            0.0,
            7e-06,
            0.279087,
            0.0,
            0.001032,
            0.0,
            0.0,
            0.719872,
            1e-06
        ],
        "eps_0.2": [
            0.0,
            0.0,
            3e-06,
            0.214495,
            0.0,
            0.000524,
            0.0,
            0.0,
            0.784978,
            0.0
        ],
        "eps_0.25": [
            0.0,
            0.0,
            2e-06,
            0.199158,
            0.0,
            0.000203,
            0.0,
            0.0,
            0.800637,
            0.0
        ],
        "eps_0.3": [
            0.0,
            0.0,
            1e-06,
            0.174978,
            0.0,
            7.3e-05,
            0.0,
            0.0,
            0.824947,
            0.0
        ],
        "eps_0.35": [
            0.0,
            0.0,
            0.0,
            0.128864,
            0.0,
            3.7e-05,
            0.0,
            0.0,
            0.871098,
            0.0
        ],
        "eps_0.4": [
            0.0,
            0.0,
            0.0,
            0.11228,
            0.0,
            2.2e-05,
            0.0,
            0.0,
            0.887697,
            0.0
        ],
        "eps_0.45": [
            0.0,
            0.0,
            0.0,
            0.10619,
            0.0,
            1.7e-05,
            0.0,
            0.0,
            0.893793,
            0.0
        ],
        "eps_0.5": [
            0.0,
            0.0,
            0.0,
            0.10519,
            0.0,
            1.5e-05,
            0.0,
            0.0,
            0.894795,
            0.0
        ]
    }
}