{
    "true_label": 1,
    "probs": {
        "eps_0.0": [
            0.0,
            0.999926,
            0.0,
            0.0,
            2e-06,
            0.0,
            0.0,
            7e-05,
            2e-06,
            0.0
        ],
        "eps_0.05": [
            0.0,
            0.373522,
            1.4e-05,
            2e-06,
            4.7e-05,
            2e-06,
            0.0,
            0.626039,
            0.000374,
            0.0
        ],
        "eps_0.1": [
            0.0,
            8.7e-05,
            2e-06,
            1e-06,
            1e-06,
            1e-06,
            0.0,
            0.999739,
            0.000168,
            0.0
        ],
        "eps_0.15": [
            0.0,
            0.0,
            0.0,
            1e-06,
            0.0,
            1e-06,
            0.0,
            0.999893,
            0.000105,
            0.0
        ],
        "eps_0.2": [
            0.0,
            0.0,
            0.0,
            1e-06,
            0.0,
            1e-06,
            0.0,
            0.999926,
            7.2e-05,
            0.0
        ],
        "eps_0.25": [
            0.0,
            0.0,
            0.0,
            0.0,
            0.0,
            0.0,
            0.0,
            0.999982,
            1.7e-05,
            0.0
        ],
        "eps_0.3": [
            0.0,
            0.0,
            0.0,
            0.0,
            0.0,
            0.0,
            0.0,
            0.999997,
            3e-06,
            0.0
        ],
        "eps_0.35": [
            0.0,
            0.0,
            0.0,
            0.0,
            0.0,
            0.0,
            0.0,
            1.0,
            0.0,
            0.0
        ],
        "eps_0.4": [
            0.0,
            0.0,
            0.0,
            0.0,
            0.0,
            0.0,
            0.0,
            1.0,
            0.0,
            0.0
        ],
        "eps_0.45": [
            0.0,
            0.0,
            0.0,
            0.0,
            0.0,
            0.0,
            0.0,
            1.0,
            0.0,
            0.0
        ],
        "eps_0.5": [
            0.0,
            0.0,
            0.0,
            0.0,
            0.0,
            0.0,
            0.0,
            1.0,
            0.0,
            0.0
        ]
    }
}