{
    "true_label": 4,
    "probs": {
        "eps_0.0": [
            0.0,
            0.0,
            0.0,
            0.0,
            0.999999,
            0.0,
            0.0,
            0.0,
            1e-06,
            0.0
        ],
        "eps_0.05": [
            0.0,
            0.0,
            0.0,
            0.0,
            0.999141,
            0.0,
            0.0,
            0.0,
            0.000539,
            0.00032
        ],
        "eps_0.1": [
            0.0,
            0.0,
            0.0,
            0.0,
            0.529166,
            1e-06,
            0.0,
            0.0,
            0.2892,
            0.181634
        ],
        "eps_0.15": [
            0.0,
            0.0,
            0.0,
            0.0,
            0.002298,
            0.0,
            0.0,
            0.0,
            0.772425,
            0.225277
        ],
        "eps_0.2": [
            0.0,
            0.0,
            0.0,
            0.0,
            2.9e-05,
            1e-06,
            0.0,
            0.0,
            0.90447,
            0.095501
        ],
        "eps_0.25": [
            0.0,
            0.0,
            0.0,
            0.0,
            2e-06,
            3e-06,
            0.0,
            0.0,
            0.961389,
            0.038607
        ],
        "eps_0.3": [
            0.0,
            0.0,
            0.0,
            0.0,
            0.0,
            1e-05,
            0.0,
            0.0,
            0.991033,
            0.008956
        ],
        "eps_0.35": [
            0.0,
            0.0,
            0.0,
            1e-06,
            0.0,
            3.7e-05,
            0.0,
            0.0,
            0.998756,
            0.001206
        ],
        "eps_0.4": [
            0.0,
            0.0,
            0.0,
            1e-06,
            0.0,
            0.00013,
            0.0,
            0.0,
            0.999684,
            0.000186
        ],
        "eps_0.45": [
            0.0,
            0.0,
            0.0,
            1e-06,
            0.0,
            0.000475,
            0.0,
            0.0,
            0.999476,
            4.8e-05
        ],
        "eps_0.5": [
            0.0,
            0.0,
            0.0,
            2e-06,
            0.0,
            0.002158,
            0.0,
            0.0,
            0.997823,
            1.8e-05
        ]
    }
}