{
    "true_label": 2,
    "probs": {
        "eps_0.0": [
            0.0,
            1.9e-05,
            0.999893,
            0.0,
            0.0,
            0.0,
            0.0,
            8.8e-05,
            0.0,
            0.0
        ],
        "eps_0.05": [
            2.2e-05,
            0.000328,
            0.996833,
            1.5e-05,
            3e-06,
            0.0,
            0.0,
            0.002797,
            1e-06,
            0.0
        ],
        "eps_0.1": [
            0.007857,
            0.000802,
            0.969453,
            0.001122,
            0.000353,
            2e-06,
            1.6e-05,
            0.019934,
            0.000406,
            5.5e-05
        ],
        "eps_0.15": [
            0.228048,
            0.000738,
            0.710907,
            0.011232,
            0.00369,
            0.000297,
            0.001015,
            0.023334,
            0.018222,
            0.002517
        ],
        "eps_0.2": [
            0.582583,
            0.000535,
            0.272186,
            0.014871,
            0.002785,
            0.001965,
            0.007058,
            0.009124,
            0.100161,
            0.008732
        ],
        "eps_0.25": [
            0.691049,
            0.000396,
            0.073993,
            0.007498,
            0.000992,
            0.002521,
            0.011018,
            0.001973,
            0.200857,
            0.009701
        ],
        "eps_0.3": [
            0.599462,
            0.000366,
            0.021887,
            0.003031,
            0.000413,
            0.002501,
            0.011683,
            0.0005,
            0.352102,
            0.008055
        ],
        "eps_0.35": [
            0.422733,
            0.000304,
            0.008075,
            0.001346,
            0.000202,
            0.002231,
            0.010361,
            0.000162,
            0.54851,
            0.006076
        ],
        "eps_0.4": [
            0.325603,
            0.000232,
            0.004123,
            0.00069,
            0.000122,
            0.00157,
            0.007635,
            7.6e-05,
            0.6558,
            0.00415
        ],
        "eps_0.45": [
            0.270576,
            0.000168,
            0.002543,
            0.00043,
            8.3e-05,
            0.001069,
            0.005729,
            4.2e-05,
            0.71608,
            0.00328
        ],
        "eps_0.5": [
            0.258739,
            0.000168,
            0.001761,
            0.000325,
            7.3e-05,
            0.000845,
            0.005052,
            3.1e-05,
            0.729972,
            0.003034
        ]
    }
}