{
    "true_label": 2,
    "probs": {
        "eps_0.0": [
            0.0,
            0.0,
            0.999998,
            0.0,
            0.0,
            0.0,
            0.0,
            2e-06,
            0.0,
            0.0
        ],
        "eps_0.05": [
            0.0,
            1e-06,
            0.999935,
            5e-06,
            0.0,
            0.0,
            0.0,
            5.8e-05,
            1e-06,
            0.0
        ],
        "eps_0.1": [
            3.3e-05,
            3e-06,
            0.999233,
            0.00019,
            6e-06,
            0.0,
            0.0,
            0.000438,
            9.5e-05,
            1e-06
        ],
        "eps_0.15": [
            0.001071,
            1.4e-05,
            0.991927,
            0.002283,
            0.000145,
            0.0,
            0.0,
            0.001645,
            0.002854,
            6.1e-05
        ],
        "eps_0.2": [
            0.011658,
            6.1e-05,
            0.938836,
            0.013572,
            0.001747,
            1.4e-05,
            2.8e-05,
            0.004832,
            0.028081,
            0.001171
        ],
        "eps_0.25": [
            0.034705,
            0.000203,
            0.787019,
            0.03881,
            0.007,
            0.000259,
            0.000394,
            0.019873,
            0.103525,
            0.008212
        ],
        "eps_0.3": [
            0.064822,
            0.00053,
            0.598651,
            0.063413,
            0.014123,
            0.001489,
            0.001996,
            0.054556,
            0.176869,
            0.02355
        ],
        "eps_0.35": [
            0.05939,
            0.001163,
            0.473047,
            0.075737,
            0.021953,
            0.00303,
            0.002833,
            0.099143,
            0.225776,
            0.037927
        ],
        "eps_0.4": [
            0.044658,
            0.001883,
            0.37211,
            0.077292,
            0.028767,
            0.004283,
            0.002664,
            0.149032,
            0.271137,
            0.048176
        ],
        "eps_0.45": [
            0.03687,
            0.002519,
            0.283015,
            0.066584,
            0.027428,
            0.003876,
            0.001774,
            0.204921,
            0.330899,
            0.042114
        ],
        "eps_0.5": [
            0.031268,
            0.003109,
            0.221923,
            0.060696,
            0.022846,
            0.002695,
            0.001054,
            0.258115,
            0.368878,
            0.029415
        ]
    }
}