{
    "true_label": 2,
    "probs": {
        "eps_0.0": [
            2e-06,
            1e-05,
            0.999632,
            9e-06,
            0.0,
            0.0,
            0.0,
            0.000345,
            1e-06,
            0.0
        ],
        "eps_0.05": [
            0.000251,
            0.000228,
            0.988356,
            0.000444,
            2e-05,
            0.0,
            1e-06,
            0.010539,
            0.000159,
            3e-06
        ],
        "eps_0.1": [
            0.00822,
            0.00087,
            0.915933,
            0.006618,
            0.000994,
            1.9e-05,
            2.7e-05,
            0.055191,
            0.011973,
            0.000155
        ],
        "eps_0.15": [
            0.036113,
            0.001685,
            0.775372,
            0.016969,
            0.003764,
            0.000132,
            0.000131,
            0.082564,
            0.08247,
            0.000801
        ],
        "eps_0.2": [
            0.081991,
            0.004555,
            0.528648,
            0.028293,
            0.008705,
            0.000658,
            0.000532,
            0.109839,
            0.23426,
            0.00252
        ],
        "eps_0.25": [
            0.120159,
            0.011502,
            0.30854,
            0.037932,
            0.013341,
            0.002313,
            0.001452,
            0.098928,
            0.400305,
            0.005528
        ],
        "eps_0.3": [
            0.145513,
            0.030921,
            0.166194,
            0.044189,
            0.018494,
            0.006625,
            0.003254,
            0.078323,
            0.496267,
            0.01022
        ],
        "eps_0.35": [
            0.138726,
            0.083607,
            0.080016,
            0.050276,
            0.025376,
            0.018864,
            0.006748,
            0.05853,
            0.519914,
            0.017943
        ],
        "eps_0.4": [
            0.104837,
            0.210123,
            0.035529,
            0.051836,
            0.031903,
            0.044023,
            0.01142,
            0.042778,
            0.441814,
            0.025738
        ],
        "eps_0.45": [
            0.064769,
            0.38008,
            0.017583,
            0.050253,
            0.035341,
            0.0648,
            0.012715,
            0.028203,
            0.316983,
            0.029274
        ],
        "eps_0.5": [
            0.042905,
            0.492814,
            0.011183,
            0.049892,
            0.03406,
            0.076029,
            0.010915,
            0.021335,
            0.230985,
            0.029882
        ]
    }
}