{
    "true_label": 1,
    "probs": {
        "eps_0.0": [
            0.0,
            0.999999,
            0.0,
            0.0,
            1e-06,
            0.0,
            0.0,
            0.0,
            0.0,
            0.0
        ],
        "eps_0.05": [
            0.0,
            0.993938,
            1.1e-05,
            1e-06,
            0.003937,
            4e-06,
            0.0,
            0.000217,
            0.001794,
            9.9e-05
        ],
        "eps_0.1": [
            6e-06,
            0.000236,
            0.000112,
            2e-06,
            0.001568,
            3.7e-05,
            1e-06,
            1.5e-05,
            0.996054,
            0.001968
        ],
        "eps_0.15": [
            0.0,
            0.0,
            1.7e-05,
            0.0,
            1.5e-05,
            1e-06,
            0.0,
            0.0,
            0.999836,
            0.000131
        ],
        "eps_0.2": [
            0.0,
            0.0,
            1.2e-05,
            0.0,
            1e-06,
            0.0,
            0.0,
            0.0,
            0.99997,
            1.7e-05
        ],
        "eps_0.25": [
            0.0,
            0.0,
            6e-06,
            0.0,
            0.0,
            0.0,
            0.0,
            0.0,
            0.999991,
            3e-06
        ],
        "eps_0.3": [
            0.0,
            0.0,
            4e-06,
            0.0,
            0.0,
            0.0,
            0.0,
            0.0,
            0.999995,
            1e-06
        ],
        "eps_0.35": [
            0.0,
            0.0,
            3e-06,
            0.0,
            0.0,
            0.0,
            0.0,
            0.0,
            0.999997,
            0.0
        ],
        "eps_0.4": [
            0.0,
            0.0,
            2e-06,
            0.0,
            0.0,
            0.0,
            0.0,
            0.0,
            0.999998,
            0.0
        ],
        "eps_0.45": [
            0.0,
            0.0,
            1e-06,
            0.0,
            0.0,
            0.0,
            0.0,
            0.0,
            0.999999,
            0.0
        ],
        "eps_0.5": [
            0.0,
            0.0,
            1e-06,
            0.0,
            0.0,
            0.0,
            0.0,
            0.0,
            0.999999,
            0.0
        ]
    }
}