{
    "true_label": 1,
    "probs": {
        "eps_0.0": [
            0.0,
            0.999994,
            0.0,
            0.0,
            5e-06,
            0.0,
            0.0,
            1e-06,
            0.0,
            0.0
        ],
        "eps_0.05": [
            2.7e-05,
            0.824464,
            0.0003,
            3.8e-05,
            0.051941,
            0.000216,
            5e-06,
            0.001023,
            0.119366,
            0.002619
        ],
        "eps_0.1": [
            1e-05,
            6e-06,
            0.000124,
            2e-06,
            0.000324,
            1.5e-05,
            2e-06,
            1e-06,
            0.998403,
            0.001113
        ],
        "eps_0.15": [
            0.0,
            0.0,
            2e-05,
            0.0,
            4e-06,
            0.0,
            0.0,
            0.0,
            0.999878,
            9.7e-05
        ],
        "eps_0.2": [
            0.0,
            0.0,
            1.1e-05,
            0.0,
            0.0,
            0.0,
            0.0,
            0.0,
            0.999965,
            2.3e-05
        ],
        "eps_0.25": [
            0.0,
            0.0,
            6e-06,
            0.0,
            0.0,
            0.0,
            0.0,
            0.0,
            0.999986,
            8e-06
        ],
        "eps_0.3": [
            0.0,
            0.0,
            3e-06,
            0.0,
            0.0,
            0.0,
            0.0,
            0.0,
            0.999992,
            4e-06
        ],
        "eps_0.35": [
            0.0,
            0.0,
            2e-06,
            0.0,
            0.0,
            0.0,
            0.0,
            0.0,
            0.999995,
            3e-06
        ],
        "eps_0.4": [
            0.0,
            0.0,
            2e-06,
            0.0,
            0.0,
            0.0,
            0.0,
            0.0,
            0.999996,
            2e-06
        ],
        "eps_0.45": [
            0.0,
            0.0,
            1e-06,
            0.0,
            0.0,
            0.0,
            0.0,
            0.0,
            0.999997,
            2e-06
        ],
        "eps_0.5": [
            0.0,
            0.0,
            1e-06,
            0.0,
            0.0,
            0.0,
            0.0,
            0.0,
            0.999997,
            2e-06
        ]
    }
}