{
    "true_label": 1,
    "probs": {
        "eps_0.0": [
            0.0,
            0.999999,
            0.0,
            0.0,
            1e-06,
            0.0,
            0.0,
            0.0,
            0.0,
            0.0
        ],
        "eps_0.05": [
            1e-06,
            0.989503,
            1e-06,
            1e-06,
            0.001385,
            6.8e-05,
            0.0,
            2e-06,
            0.008999,
            4e-05
        ],
        "eps_0.1": [
            6e-06,
            0.000952,
            5e-06,
            1e-06,
            0.000323,
            0.000153,
            5e-06,
            0.0,
            0.998176,
            0.00038
        ],
        "eps_0.15": [
            0.0,
            0.0,
            1e-06,
            0.0,
            3e-06,
            2e-06,
            0.0,
            0.0,
            0.99997,
            2.3e-05
        ],
        "eps_0.2": [
            0.0,
            0.0,
            0.0,
            0.0,
            0.0,
            0.0,
            0.0,
            0.0,
            0.999997,
            3e-06
        ],
        "eps_0.25": [
            0.0,
            0.0,
            0.0,
            0.0,
            0.0,
            0.0,
            0.0,
            0.0,
            0.999999,
            1e-06
        ],
        "eps_0.3": [
            0.0,
            0.0,
            0.0,
            0.0,
            0.0,
            0.0,
            0.0,
            0.0,
            1.0,
            0.0
        ],
        "eps_0.35": [
            0.0,
            0.0,
            0.0,
            0.0,
            0.0,
            0.0,
            0.0,
            0.0,
            1.0,
            0.0
        ],
        "eps_0.4": [
            0.0,
            0.0,
            0.0,
            0.0,
            0.0,
            0.0,
            0.0,
            0.0,
            1.0,
            0.0
        ],
        "eps_0.45": [
            0.0,
            0.0,
            0.0,
            0.0,
            0.0,
            0.0,
            0.0,
            0.0,
            1.0,
            0.0
        ],
        "eps_0.5": [
            0.0,
            0.0,
            0.0,
            0.0,
            0.0,
            0.0,
            0.0,
            0.0,
            1.0,
            0.0
        ]
    }
}