{
    "true_label": 8,
    "probs": {
        "eps_0.0": [
            0.0,
            0.0,
            1e-06,
            0.0,
            7e-06,
            4.7e-05,
            8e-06,
            0.0,
            0.999937,
            0.0
        ],
        "eps_0.05": [
            1e-06,
            0.0,
            1e-05,
            3.3e-05,
            7.8e-05,
            0.125919,
            0.000145,
            3e-06,
            0.87381,
            2e-06
        ],
        "eps_0.1": [
            0.0,
            0.0,
            1e-06,
            1.7e-05,
            6e-06,
            0.993862,
            1.1e-05,
            9e-06,
            0.006093,
            1e-06
        ],
        "eps_0.15": [
            0.0,
            0.0,
            0.0,
            2e-06,
            0.0,
            0.999971,
            0.0,
            8e-06,
            1.8e-05,
            0.0
        ],
        "eps_0.2": [
            0.0,
            0.0,
            0.0,
            1e-06,
            0.0,
            0.999988,
            0.0,
            1.1e-05,
            0.0,
            0.0
        ],
        "eps_0.25": [
            0.0,
            0.0,
            0.0,
            0.0,
            0.0,
            0.999977,
            0.0,
            2.3e-05,
            0.0,
            0.0
        ],
        "eps_0.3": [
            0.0,
            0.0,
            0.0,
            0.0,
            0.0,
            0.999945,
            0.0,
            5.5e-05,
            0.0,
            0.0
        ],
        "eps_0.35": [
            0.0,
            0.0,
            0.0,
            0.0,
            0.0,
            0.999899,
            0.0,
            0.000101,
            0.0,
            0.0
        ],
        "eps_0.4": [
            0.0,
            0.0,
            0.0,
            0.0,
            0.0,
            0.999832,
            0.0,
            0.000168,
            0.0,
            0.0
        ],
        "eps_0.45": [
            0.0,
            0.0,
            0.0,
            0.0,
            0.0,
            0.99975,
            0.0,
            0.00025,
            0.0,
            0.0
        ],
        "eps_0.5": [
            0.0,
            0.0,
            0.0,
            0.0,
            0.0,
            0.999687,
            0.0,
            0.000313,
            0.0,
            0.0
        ]
    }
}