{
    "true_label": 0,
    "probs": {
        "eps_0.0": [
            1.0,
            0.0,
            0.0,
            0.0,
            0.0,
            0.0,
            0.0,
            0.0,
            0.0,
            0.0
        ],
        "eps_0.05": [
            0.999948,
            0.0,
            0.0,
            0.0,
            0.0,
            0.0,
            1e-06,
            0.0,
            0.0,
            5.1e-05
        ],
        "eps_0.1": [
            0.987161,
            0.0,
            0.0,
            3e-06,
            0.0,
            1.1e-05,
            0.000118,
            0.0,
            1.1e-05,
            0.012695
        ],
        "eps_0.15": [
            0.494732,
            0.0,
            0.0,
            0.000331,
            1e-06,
            0.000676,
            0.00346,
            1e-06,
            0.000472,
            0.500327
        ],
        "eps_0.2": [
            0.017093,
            0.0,
            0.0,
            0.001827,
            2e-06,
            0.001498,
            0.004973,
            0.0,
            0.001373,
            0.973234
        ],
        "eps_0.25": [
            0.001782,
            0.0,
            0.0,
            0.005667,
            2e-06,
            0.003193,
            0.004396,
            0.0,
            0.003116,
            0.981844
        ],
        "eps_0.3": [
            0.000293,
            0.0,
            1e-06,
            0.017827,
            2e-06,
            0.006564,
            0.003091,
            0.0,
            0.006882,
            0.96534
        ],
        "eps_0.35": [
            8e-05,
            0.0,
            4e-06,
            0.087005,
            3e-06,
            0.020339,
            0.002825,
            0.0,
            0.028103,
            0.86164
        ],
        "eps_0.4": [
            3.1e-05,
            0.0,
            1e-05,
            0.319955,
            4e-06,
            0.035602,
            0.002301,
            0.0,
            0.109883,
            0.532215
        ],
        "eps_0.45": [
            1.4e-05,
            0.0,
            1.6e-05,
            0.51879,
            2e-06,
            0.024033,
            0.001415,
            0.0,
            0.252284,
            0.203445
        ],
        "eps_0.5": [
            5e-06,
            0.0,
            1.7e-05,
            0.551552,
            1e-06,
            0.009757,
            0.000559,
            0.0,
            0.385795,
            0.052313
        ]
    }
}