{
    "true_label": 0,
    "probs": {
        "eps_0.0": [
            1.0,
            0.0,
            0.0,
            0.0,
            0.0,
            0.0,
            0.0,
            0.0,
            0.0,
            0.0
        ],
        "eps_0.05": [
            1.0,
            0.0,
            0.0,
            0.0,
            0.0,
            0.0,
            0.0,
            0.0,
            0.0,
            0.0
        ],
        "eps_0.1": [
            1.0,
            0.0,
            0.0,
            0.0,
            0.0,
            0.0,
            0.0,
            0.0,
            0.0,
            0.0
        ],
        "eps_0.15": [
            0.999994,
            0.0,
            0.0,
            0.0,
            0.0,
            0.0,
            0.0,
            0.0,
            0.0,
            6e-06
        ],
        "eps_0.2": [
            0.999804,
            0.0,
            0.0,
            0.0,
            0.0,
            0.0,
            0.0,
            0.0,
            0.0,
            0.000196
        ],
        "eps_0.25": [
            0.992589,
            0.0,
            0.0,
            0.0,
            0.0,
            0.0,
            1e-06,
            0.0,
            0.0,
            0.00741
        ],
        "eps_0.3": [
            0.791397,
            0.0,
            0.0,
            0.0,
            0.0,
            0.0,
            5e-06,
            0.0,
            2e-06,
            0.208596
        ],
        "eps_0.35": [
            0.147814,
            0.0,
            0.0,
            0.0,
            0.0,
            0.0,
            9e-06,
            0.0,
            1.2e-05,
            0.852166
        ],
        "eps_0.4": [
            0.009429,
            0.0,
            0.0,
            0.0,
            0.0,
            0.0,
            7e-06,
            0.0,
            4e-05,
            0.990524
        ],
        "eps_0.45": [
            0.001158,
            0.0,
            0.0,
            1e-06,
            0.0,
            0.0,
            8e-06,
            0.0,
            0.000179,
            0.998654
        ],
        "eps_0.5": [
            0.000432,
            0.0,
            1e-06,
            2e-06,
            0.0,
            0.0,
            1.5e-05,
            0.0,
            0.001004,
            0.998545
        ]
    }
}