{
    "true_label": 0,
    "probs": {
        "eps_0.0": [
            1.0,
            0.0,
            0.0,
            0.0,
            0.0,
            0.0,
            0.0,
            0.0,
            0.0,
            0.0
        ],
        "eps_0.05": [
            1.0,
            0.0,
            0.0,
            0.0,
            0.0,
            0.0,
            0.0,
            0.0,
            0.0,
            0.0
        ],
        "eps_0.1": [
            1.0,
            0.0,
            0.0,
            0.0,
            0.0,
            0.0,
            0.0,
            0.0,
            0.0,
            0.0
        ],
        "eps_0.15": [
            0.999996,
            0.0,
            0.0,
            0.0,
            0.0,
            0.0,
            0.0,
            0.0,
            0.0,
            4e-06
        ],
        "eps_0.2": [
            0.999945,
            0.0,
            0.0,
            0.0,
            0.0,
            0.0,
            0.0,
            0.0,
            0.0,
            5.5e-05
        ],
        "eps_0.25": [
            0.999008,
            0.0,
            0.0,
            0.0,
            0.0,
            0.0,
            0.0,
            0.0,
            0.0,
            0.000992
        ],
        "eps_0.3": [
            0.983815,
            0.0,
            0.0,
            0.0,
            0.0,
            0.0,
            0.0,
            0.0,
            1e-05,
            0.016174
        ],
        "eps_0.35": [
            0.849833,
            0.0,
            1e-06,
            2e-06,
            0.0,
            0.0,
            3e-06,
            0.0,
            0.000284,
            0.149877
        ],
        "eps_0.4": [
            0.415887,
            0.0,
            3e-06,
            1.7e-05,
            0.0,
            0.0,
            1.6e-05,
            0.0,
            0.004346,
            0.579732
        ],
        "eps_0.45": [
            0.109212,
            0.0,
            9e-06,
            9.8e-05,
            0.0,
            0.0,
            5.8e-05,
            0.0,
            0.04236,
            0.848264
        ],
        "eps_0.5": [
            0.024956,
            0.0,
            1.9e-05,
            0.000416,
            0.0,
            0.0,
            0.00018,
            0.0,
            0.332109,
            0.642321
        ]
    }
}