{
    "true_label": 4,
    "probs": {
        "eps_0.0": [
            0.0,
            0.0,
            0.0,
            0.0,
            0.999916,
            0.0,
            0.0,
            1e-06,
            0.0,
            8.2e-05
        ],
        "eps_0.05": [
            0.000224,
            0.0,
            5.5e-05,
            0.0,
            0.104805,
            0.0,
            1.2e-05,
            0.000387,
            2e-05,
            0.894495
        ],
        "eps_0.1": [
            0.000274,
            0.0,
            3.6e-05,
            6e-06,
            1.2e-05,
            0.0,
            6e-06,
            6e-05,
            4.5e-05,
            0.999561
        ],
        "eps_0.15": [
            0.000524,
            0.0,
            0.000109,
            9.2e-05,
            0.0,
            0.0,
            5e-06,
            1.8e-05,
            0.000339,
            0.998913
        ],
        "eps_0.2": [
            0.001065,
            0.0,
            0.000639,
            0.001318,
            0.0,
            1e-06,
            4e-06,
            1.4e-05,
            0.002408,
            0.994551
        ],
        "eps_0.25": [
            0.002038,
            0.0,
            0.004229,
            0.018468,
            0.0,
            3e-06,
            4e-06,
            2.2e-05,
            0.015915,
            0.959322
        ],
        "eps_0.3": [
            0.002464,
            0.0,
            0.023957,
            0.148924,
            0.0,
            1e-05,
            2e-06,
            3e-05,
            0.060862,
            0.763751
        ],
        "eps_0.35": [
            0.001292,
            0.0,
            0.077086,
            0.548615,
            0.0,
            1.5e-05,
            0.0,
            2.4e-05,
            0.092935,
            0.280032
        ],
        "eps_0.4": [
            0.000244,
            0.0,
            0.088887,
            0.832933,
            0.0,
            8e-06,
            0.0,
            7e-06,
            0.046678,
            0.031244
        ],
        "eps_0.45": [
            2.9e-05,
            0.0,
            0.063334,
            0.919273,
            0.0,
            3e-06,
            0.0,
            1e-06,
            0.015045,
            0.002316
        ],
        "eps_0.5": [
            3e-06,
            0.0,
            0.041486,
            0.954176,
            0.0,
            1e-06,
            0.0,
            0.0,
            0.004166,
            0.000168
        ]
    }
}