{
    "true_label": 4,
    "probs": {
        "eps_0.0": [
            0.0,
            0.0,
            0.0,
            0.0,
            0.999999,
            0.0,
            0.0,
            0.0,
            0.0,
            1e-06
        ],
        "eps_0.05": [
            4e-06,
            1.7e-05,
            6e-06,
            5e-06,
            0.485768,
            5e-06,
            1e-06,
            0.000854,
            0.000227,
            0.513113
        ],
        "eps_0.1": [
            5e-06,
            1e-06,
            2e-06,
            0.000104,
            4e-06,
            9e-06,
            1e-06,
            0.000133,
            0.000696,
            0.999047
        ],
        "eps_0.15": [
            1.5e-05,
            0.0,
            4e-06,
            0.003888,
            0.0,
            4.6e-05,
            1e-06,
            8.1e-05,
            0.008035,
            0.98793
        ],
        "eps_0.2": [
            6.1e-05,
            0.0,
            2.5e-05,
            0.153281,
            0.0,
            0.000544,
            3e-06,
            0.000209,
            0.114244,
            0.731633
        ],
        "eps_0.25": [
            5.4e-05,
            0.0,
            4.7e-05,
            0.613338,
            0.0,
            0.001187,
            2e-06,
            0.000193,
            0.188411,
            0.196768
        ],
        "eps_0.3": [
            1.9e-05,
            0.0,
            4.7e-05,
            0.875359,
            0.0,
            0.001107,
            0.0,
            9.7e-05,
            0.099984,
            0.023386
        ],
        "eps_0.35": [
            5e-06,
            0.0,
            4.1e-05,
            0.964104,
            0.0,
            0.000909,
            0.0,
            4.1e-05,
            0.032373,
            0.002527
        ],
        "eps_0.4": [
            1e-06,
            0.0,
            2.5e-05,
            0.989841,
            0.0,
            0.000613,
            0.0,
            1.5e-05,
            0.009272,
            0.000233
        ],
        "eps_0.45": [
            0.0,
            0.0,
            1.6e-05,
            0.997009,
            0.0,
            0.000393,
            0.0,
            6e-06,
            0.002555,
            2.1e-05
        ],
        "eps_0.5": [
            0.0,
            0.0,
            1.2e-05,
            0.998847,
            0.0,
            0.000288,
            0.0,
            3e-06,
            0.000848,
            3e-06
        ]
    }
}