{
    "true_label": 4,
    "probs": {
        "eps_0.0": [
            0.0,
            0.0,
            0.0,
            0.0,
            0.999995,
            0.0,
            0.0,
            0.0,
            0.0,
            5e-06
        ],
        "eps_0.05": [
            0.0,
            0.0,
            2e-06,
            3e-06,
            0.692775,
            6e-06,
            1e-06,
            0.00043,
            0.000719,
            0.306065
        ],
        "eps_0.1": [
            0.0,
            0.0,
            1.9e-05,
            0.000602,
            3.2e-05,
            2.4e-05,
            1e-06,
            0.000431,
            0.000703,
            0.998187
        ],
        "eps_0.15": [
            2e-06,
            0.0,
            0.000101,
            0.062632,
            0.0,
            0.000109,
            1e-06,
            0.000196,
            0.000794,
            0.936165
        ],
        "eps_0.2": [
            2e-06,
            0.0,
            0.000181,
            0.808025,
            0.0,
            0.000273,
            0.0,
            6.2e-05,
            0.000611,
            0.190846
        ],
        "eps_0.25": [
            0.0,
            0.0,
            5.1e-05,
            0.993653,
            0.0,
            0.000108,
            0.0,
            3e-06,
            5e-05,
            0.006135
        ],
        "eps_0.3": [
            0.0,
            0.0,
            1.5e-05,
            0.999842,
            0.0,
            2.8e-05,
            0.0,
            0.0,
            2e-06,
            0.000113
        ],
        "eps_0.35": [
            0.0,
            0.0,
            4e-06,
            0.999991,
            0.0,
            4e-06,
            0.0,
            0.0,
            0.0,
            1e-06
        ],
        "eps_0.4": [
            0.0,
            0.0,
            1e-06,
            0.999998,
            0.0,
            1e-06,
            0.0,
            0.0,
            0.0,
            0.0
        ],
        "eps_0.45": [
            0.0,
            0.0,
            1e-06,
            0.999999,
            0.0,
            0.0,
            0.0,
            0.0,
            0.0,
            0.0
        ],
        "eps_0.5": [
            0.0,
            0.0,
            0.0,
            1.0,
            0.0,
            0.0,
            0.0,
            0.0,
            0.0,
            0.0
        ]
    }
}