{
    "true_label": 2,
    "probs": {
        "eps_0.0": [
            0.0,
            1e-06,
            0.999999,
            0.0,
            0.0,
            0.0,
            0.0,
            0.0,
            0.0,
            0.0
        ],
        "eps_0.05": [
            1e-06,
            0.000172,
            0.999826,
            0.0,
            0.0,
            0.0,
            0.0,
            0.0,
            0.0,
            0.0
        ],
        "eps_0.1": [
            0.000134,
            0.038432,
            0.96133,
            8.3e-05,
            0.0,
            0.0,
            0.0,
            3e-06,
            1.7e-05,
            0.0
        ],
        "eps_0.15": [
            0.000776,
            0.811144,
            0.179758,
            0.008036,
            8e-06,
            2e-06,
            8e-06,
            1.8e-05,
            0.000236,
            1.4e-05
        ],
        "eps_0.2": [
            0.000153,
            0.94586,
            0.005028,
            0.048582,
            1.7e-05,
            1.2e-05,
            1.3e-05,
            1e-05,
            0.000283,
            4.2e-05
        ],
        "eps_0.25": [
            3.2e-05,
            0.673642,
            0.000235,
            0.325433,
            3.9e-05,
            8e-05,
            2.7e-05,
            9e-06,
            0.000421,
            8.2e-05
        ],
        "eps_0.3": [
            3e-06,
            0.235148,
            1.2e-05,
            0.764181,
            4.2e-05,
            0.000111,
            2.3e-05,
            3e-06,
            0.000432,
            4.6e-05
        ],
        "eps_0.35": [
            0.0,
            0.038772,
            1e-06,
            0.960644,
            2.6e-05,
            8.5e-05,
            1.1e-05,
            1e-06,
            0.000444,
            1.6e-05
        ],
        "eps_0.4": [
            0.0,
            0.007292,
            0.0,
            0.992056,
            2.3e-05,
            9.1e-05,
            7e-06,
            0.0,
            0.000525,
            5e-06
        ],
        "eps_0.45": [
            0.0,
            0.003365,
            0.0,
            0.995772,
            2.2e-05,
            0.000104,
            4e-06,
            0.0,
            0.000731,
            2e-06
        ],
        "eps_0.5": [
            0.0,
            0.002241,
            0.0,
            0.996438,
            2.8e-05,
            0.00014,
            4e-06,
            0.0,
            0.00115,
            0.0
        ]
    }
}