{
    "true_label": 7,
    "probs": {
        "eps_0.0": [
            0.0,
            0.0,
            0.0,
            0.0,
            0.0,
            0.0,
            0.0,
            1.0,
            0.0,
            0.0
        ],
        "eps_0.05": [
            0.0,
            0.0,
            0.0,
            0.0,
            0.0,
            0.0,
            0.0,
            0.999999,
            0.0,
            1e-06
        ],
        "eps_0.1": [
            0.0,
            0.0,
            0.0,
            0.0,
            0.0,
            0.0,
            0.0,
            0.999082,
            0.0,
            0.000918
        ],
        "eps_0.15": [
            0.0,
            0.0,
            0.0,
            0.0,
            5e-06,
            0.0,
            0.0,
            0.848967,
            5e-06,
            0.151023
        ],
        "eps_0.2": [
            0.0,
            0.0,
            0.0,
            2e-06,
            2.7e-05,
            0.0,
            0.0,
            0.356393,
            8.9e-05,
            0.64349
        ],
        "eps_0.25": [
            0.0,
            0.0,
            1e-06,
            5e-06,
            5e-05,
            0.0,
            0.0,
            0.08755,
            0.000815,
            0.911579
        ],
        "eps_0.3": [
            0.0,
            0.0,
            2e-06,
            1e-05,
            5.6e-05,
            0.0,
            0.0,
            0.028974,
            0.004827,
            0.96613
        ],
        "eps_0.35": [
            1e-06,
            0.0,
            6e-06,
            1.8e-05,
            6.4e-05,
            0.0,
            0.0,
            0.009704,
            0.020432,
            0.969775
        ],
        "eps_0.4": [
            2e-06,
            0.0,
            2.6e-05,
            4e-05,
            7.5e-05,
            1e-06,
            0.0,
            0.003411,
            0.113244,
            0.883201
        ],
        "eps_0.45": [
            8e-06,
            0.0,
            0.000121,
            8.1e-05,
            7.7e-05,
            1e-06,
            0.0,
            0.001085,
            0.4359,
            0.562727
        ],
        "eps_0.5": [
            1.3e-05,
            0.0,
            0.000331,
            0.000116,
            5.7e-05,
            1e-06,
            0.0,
            0.000284,
            0.769533,
            0.229665
        ]
    }
}