{
    "true_label": 7,
    "probs": {
        "eps_0.0": [
            0.0,
            0.0,
            0.0,
            0.0,
            0.0,
            0.0,
            0.0,
            1.0,
            0.0,
            0.0
        ],
        "eps_0.05": [
            0.0,
            0.0,
            0.0,
            0.0,
            0.0,
            0.0,
            0.0,
            0.999998,
            0.0,
            2e-06
        ],
        "eps_0.1": [
            0.0,
            0.0,
            0.0,
            3e-06,
            0.0,
            0.0,
            0.0,
            0.999467,
            0.0,
            0.00053
        ],
        "eps_0.15": [
            0.0,
            0.0,
            0.0,
            6.3e-05,
            0.0,
            0.0,
            0.0,
            0.971049,
            6e-06,
            0.028882
        ],
        "eps_0.2": [
            0.0,
            0.0,
            3e-06,
            0.000628,
            2e-06,
            1e-06,
            0.0,
            0.771774,
            0.00019,
            0.227401
        ],
        "eps_0.25": [
            1e-06,
            0.0,
            4e-05,
            0.003304,
            8e-06,
            3e-06,
            0.0,
            0.275459,
            0.00345,
            0.717735
        ],
        "eps_0.3": [
            2e-06,
            0.0,
            0.000145,
            0.005042,
            1.8e-05,
            3e-06,
            0.0,
            0.047341,
            0.024071,
            0.923379
        ],
        "eps_0.35": [
            6e-06,
            0.0,
            0.000425,
            0.007148,
            2.5e-05,
            3e-06,
            0.0,
            0.014569,
            0.11669,
            0.861134
        ],
        "eps_0.4": [
            1.4e-05,
            0.0,
            0.001228,
            0.008628,
            3.4e-05,
            3e-06,
            0.0,
            0.004768,
            0.423015,
            0.56231
        ],
        "eps_0.45": [
            1.1e-05,
            0.0,
            0.001894,
            0.005259,
            2.9e-05,
            1e-06,
            0.0,
            0.000862,
            0.76897,
            0.222975
        ],
        "eps_0.5": [
            7e-06,
            0.0,
            0.002033,
            0.002762,
            2e-05,
            0.0,
            0.0,
            0.000186,
            0.917739,
            0.077254
        ]
    }
}