{
    "true_label": 7,
    "probs": {
        "eps_0.0": [
            0.0,
            0.0,
            0.0,
            1e-06,
            1e-06,
            0.0,
            0.0,
            0.999936,
            0.0,
            6.2e-05
        ],
        "eps_0.05": [
            0.000252,
            0.000101,
            0.000281,
            0.001399,
            0.002744,
            0.000105,
            1e-06,
            0.862678,
            0.000342,
            0.132099
        ],
        "eps_0.1": [
            0.031057,
            2.9e-05,
            0.044688,
            0.01872,
            0.011002,
            0.001709,
            0.000388,
            0.009925,
            0.19979,
            0.682691
        ],
        "eps_0.15": [
            0.010571,
            1e-06,
            0.056502,
            0.003454,
            0.003735,
            0.000221,
            0.000364,
            6.9e-05,
            0.595627,
            0.329456
        ],
        "eps_0.2": [
            0.004799,
            0.0,
            0.02461,
            0.000366,
            0.000443,
            2.1e-05,
            7.6e-05,
            2e-06,
            0.839938,
            0.129746
        ],
        "eps_0.25": [
            0.001805,
            0.0,
            0.009052,
            4.4e-05,
            5.2e-05,
            2e-06,
            1.1e-05,
            0.0,
            0.937565,
            0.051469
        ],
        "eps_0.3": [
            0.000419,
            0.0,
            0.002665,
            5e-06,
            6e-06,
            0.0,
            2e-06,
            0.0,
            0.983137,
            0.013766
        ],
        "eps_0.35": [
            0.000119,
            0.0,
            0.001031,
            1e-06,
            1e-06,
            0.0,
            0.0,
            0.0,
            0.994682,
            0.004166
        ],
        "eps_0.4": [
            3.9e-05,
            0.0,
            0.000492,
            0.0,
            0.0,
            0.0,
            0.0,
            0.0,
            0.998021,
            0.001447
        ],
        "eps_0.45": [
            1.1e-05,
            0.0,
            0.000227,
            0.0,
            0.0,
            0.0,
            0.0,
            0.0,
            0.999265,
            0.000497
        ],
        "eps_0.5": [
            4e-06,
            0.0,
            0.000174,
            0.0,
            0.0,
            0.0,
            0.0,
            0.0,
            0.999597,
            0.000224
        ]
    }
}