{
    "true_label": 9,
    "probs": {
        "eps_0.0": [
            0.0,
            0.0,
            0.0,
            0.0,
            0.0,
            0.0,
            0.0,
            0.0,
            1e-06,
            0.999999
        ],
        "eps_0.05": [
            0.0,
            0.0,
            0.0,
            0.0,
            6e-06,
            0.0,
            0.0,
            0.0,
            3e-05,
            0.999964
        ],
        "eps_0.1": [
            0.0,
            0.0,
            0.0,
            0.0,
            5.1e-05,
            3e-06,
            0.0,
            0.0,
            0.000554,
            0.999391
        ],
        "eps_0.15": [
            0.0,
            2e-06,
            3e-06,
            2e-06,
            0.00036,
            8.8e-05,
            0.0,
            0.0,
            0.009463,
            0.990081
        ],
        "eps_0.2": [
            0.0,
            4.3e-05,
            3.5e-05,
            3.5e-05,
            0.001953,
            0.001516,
            0.0,
            3e-06,
            0.139966,
            0.856449
        ],
        "eps_0.25": [
            0.0,
            0.000203,
            9e-05,
            0.000256,
            0.003178,
            0.009861,
            7e-06,
            2.3e-05,
            0.800397,
            0.185986
        ],
        "eps_0.3": [
            0.0,
            0.000215,
            5.1e-05,
            0.000425,
            0.001334,
            0.010019,
            1.8e-05,
            3.7e-05,
            0.976797,
            0.011104
        ],
        "eps_0.35": [
            0.0,
            0.000165,
            3.3e-05,
            0.000696,
            0.00053,
            0.008499,
            2.6e-05,
            5.4e-05,
            0.988518,
            0.001478
        ],
        "eps_0.4": [
            0.0,
            0.000171,
            4.5e-05,
            0.001246,
            0.000423,
            0.012724,
            3.1e-05,
            0.000125,
            0.984334,
            0.000901
        ],
        "eps_0.45": [
            0.0,
            0.000202,
            9.8e-05,
            0.002156,
            0.000471,
            0.02162,
            2.9e-05,
            0.000343,
            0.97379,
            0.001292
        ],
        "eps_0.5": [
            1e-06,
            0.000321,
            0.000332,
            0.004752,
            0.00074,
            0.055376,
            2.2e-05,
            0.001551,
            0.932558,
            0.004348
        ]
    }
}