{
    "true_label": 5,
    "probs": {
        "eps_0.0": [
            0.0,
            0.0,
            0.0,
            0.0,
            0.0,
            0.999724,
            0.000264,
            0.0,
            1.2e-05,
            0.0
        ],
        "eps_0.05": [
            1e-06,
            0.0,
            0.0,
            0.0,
            1e-06,
            0.463308,
            0.520111,
            0.0,
            0.016577,
            2e-06
        ],
        "eps_0.1": [
            1e-06,
            0.0,
            1e-06,
            0.0,
            4e-06,
            0.02984,
            0.882171,
            0.0,
            0.087982,
            2e-06
        ],
        "eps_0.15": [
            2e-06,
            0.0,
            4e-06,
            0.0,
            7e-06,
            0.009967,
            0.454382,
            0.0,
            0.535628,
            9e-06
        ],
        "eps_0.2": [
            2e-06,
            0.0,
            8e-06,
            0.0,
            3e-06,
            0.001631,
            0.06466,
            0.0,
            0.933679,
            1.7e-05
        ],
        "eps_0.25": [
            1e-06,
            0.0,
            6e-06,
            0.0,
            0.0,
            9.8e-05,
            0.003095,
            0.0,
            0.996788,
            1.1e-05
        ],
        "eps_0.3": [
            1e-06,
            0.0,
            8e-06,
            0.0,
            0.0,
            8e-06,
            0.000196,
            0.0,
            0.99978,
            8e-06
        ],
        "eps_0.35": [
            1e-06,
            0.0,
            1.5e-05,
            0.0,
            0.0,
            1e-06,
            2.6e-05,
            0.0,
            0.99995,
            6e-06
        ],
        "eps_0.4": [
            2e-06,
            0.0,
            4e-05,
            0.0,
            0.0,
            0.0,
            4e-06,
            0.0,
            0.999948,
            6e-06
        ],
        "eps_0.45": [
            2e-06,
            0.0,
            0.000112,
            0.0,
            0.0,
            0.0,
            1e-06,
            0.0,
            0.999878,
            6e-06
        ],
        "eps_0.5": [
            2e-06,
            0.0,
            0.000376,
            0.0,
            0.0,
            0.0,
            0.0,
            0.0,
            0.999616,
            6e-06
        ]
    }
}