{
    "true_label": 5,
    "probs": {
        "eps_0.0": [
            0.0,
            0.0,
            0.0,
            0.0,
            0.0,
            1.0,
            0.0,
            0.0,
            0.0,
            0.0
        ],
        "eps_0.05": [
            0.0,
            0.0,
            0.0,
            0.0,
            0.0,
            1.0,
            0.0,
            0.0,
            0.0,
            0.0
        ],
        "eps_0.1": [
            0.0,
            0.0,
            0.0,
            0.000225,
            0.0,
            0.999763,
            0.0,
            0.0,
            0.0,
            1.2e-05
        ],
        "eps_0.15": [
            0.0,
            0.0,
            1e-06,
            0.013003,
            0.0,
            0.986341,
            0.0,
            0.0,
            1.4e-05,
            0.00064
        ],
        "eps_0.2": [
            1e-06,
            0.0,
            0.00011,
            0.138,
            0.0,
            0.848898,
            1.7e-05,
            0.0,
            0.001563,
            0.01141
        ],
        "eps_0.25": [
            6.5e-05,
            0.0,
            0.00311,
            0.412669,
            0.0,
            0.385553,
            0.000302,
            0.0,
            0.080351,
            0.117949
        ],
        "eps_0.3": [
            0.000685,
            0.0,
            0.014183,
            0.171525,
            3e-06,
            0.045729,
            0.000674,
            0.0,
            0.4959,
            0.2713
        ],
        "eps_0.35": [
            0.002333,
            0.0,
            0.013316,
            0.034585,
            4e-06,
            0.003668,
            0.000547,
            0.0,
            0.793896,
            0.15165
        ],
        "eps_0.4": [
            0.003908,
            0.0,
            0.007354,
            0.005934,
            4e-06,
            0.00039,
            0.000259,
            0.0,
            0.894611,
            0.08754
        ],
        "eps_0.45": [
            0.004164,
            0.0,
            0.004134,
            0.001378,
            4e-06,
            7.4e-05,
            9.9e-05,
            0.0,
            0.927248,
            0.0629
        ],
        "eps_0.5": [
            0.004715,
            0.0,
            0.002328,
            0.000372,
            3e-06,
            1.9e-05,
            4.8e-05,
            0.0,
            0.948727,
            0.043788
        ]
    }
}