{
    "true_label": 5,
    "probs": {
        "eps_0.0": [
            0.0,
            0.0,
            0.0,
            1e-06,
            0.0,
            0.999999,
            0.0,
            0.0,
            0.0,
            0.0
        ],
        "eps_0.05": [
            0.0,
            0.0,
            0.0,
            0.001924,
            0.0,
            0.998076,
            0.0,
            0.0,
            0.0,
            0.0
        ],
        "eps_0.1": [
            0.0,
            4e-06,
            3.2e-05,
            0.358452,
            0.0,
            0.641446,
            2e-06,
            2e-06,
            4.5e-05,
            1.7e-05
        ],
        "eps_0.15": [
            1e-06,
            1.8e-05,
            0.001195,
            0.948154,
            0.0,
            0.048633,
            1.5e-05,
            8e-06,
            0.001925,
            5.2e-05
        ],
        "eps_0.2": [
            9e-06,
            1.8e-05,
            0.008694,
            0.974305,
            0.0,
            0.006783,
            2.4e-05,
            3.5e-05,
            0.010029,
            0.000102
        ],
        "eps_0.25": [
            3.3e-05,
            1.4e-05,
            0.035382,
            0.924404,
            3e-06,
            0.001456,
            3.2e-05,
            0.000104,
            0.038358,
            0.000214
        ],
        "eps_0.3": [
            0.0001,
            7e-06,
            0.117917,
            0.724596,
            2.3e-05,
            0.000414,
            5e-05,
            0.000212,
            0.156094,
            0.000587
        ],
        "eps_0.35": [
            0.000178,
            3e-06,
            0.227994,
            0.388484,
            0.000117,
            0.000103,
            4.3e-05,
            0.000447,
            0.381547,
            0.001083
        ],
        "eps_0.4": [
            0.000191,
            2e-06,
            0.250086,
            0.180563,
            0.00032,
            3.7e-05,
            2.6e-05,
            0.00076,
            0.566684,
            0.001331
        ],
        "eps_0.45": [
            0.000194,
            1e-06,
            0.24671,
            0.129773,
            0.000408,
            2.5e-05,
            1.8e-05,
            0.001142,
            0.620169,
            0.001558
        ],
        "eps_0.5": [
            0.000194,
            1e-06,
            0.247579,
            0.110605,
            0.000477,
            2.3e-05,
            1.6e-05,
            0.001637,
            0.637548,
            0.00192
        ]
    }
}