{
    "true_label": 7,
    "probs": {
        "eps_0.0": [
            1e-06,
            0.0,
            5e-06,
            1.1e-05,
            0.0,
            0.0,
            0.0,
            0.999948,
            0.0,
            3.5e-05
        ],
        "eps_0.05": [
            0.000588,
            1e-06,
            0.000721,
            0.070149,
            0.0,
            5.6e-05,
            0.0,
            0.584628,
            9.6e-05,
            0.343761
        ],
        "eps_0.1": [
            0.000127,
            0.0,
            0.000199,
            0.149036,
            0.0,
            0.000115,
            0.0,
            0.000588,
            0.000988,
            0.848947
        ],
        "eps_0.15": [
            1.1e-05,
            0.0,
            4.8e-05,
            0.158928,
            0.0,
            0.000165,
            0.0,
            1e-06,
            0.005771,
            0.835076
        ],
        "eps_0.2": [
            1e-06,
            0.0,
            1.8e-05,
            0.124251,
            0.0,
            0.000349,
            0.0,
            0.0,
            0.026432,
            0.848948
        ],
        "eps_0.25": [
            0.0,
            0.0,
            1.2e-05,
            0.114894,
            0.0,
            0.001407,
            1e-06,
            0.0,
            0.144092,
            0.739594
        ],
        "eps_0.3": [
            0.0,
            0.0,
            8e-06,
            0.085315,
            0.0,
            0.003002,
            3e-06,
            0.0,
            0.533103,
            0.37857
        ],
        "eps_0.35": [
            0.0,
            0.0,
            3e-06,
            0.037676,
            0.0,
            0.002999,
            3e-06,
            0.0,
            0.830574,
            0.128745
        ],
        "eps_0.4": [
            0.0,
            0.0,
            1e-06,
            0.013336,
            0.0,
            0.002433,
            3e-06,
            0.0,
            0.959504,
            0.024723
        ],
        "eps_0.45": [
            0.0,
            0.0,
            1e-06,
            0.005165,
            0.0,
            0.002611,
            3e-06,
            0.0,
            0.988092,
            0.004128
        ],
        "eps_0.5": [
            0.0,
            0.0,
            0.0,
            0.002272,
            0.0,
            0.002669,
            2e-06,
            0.0,
            0.994348,
            0.000708
        ]
    }
}