{
    "true_label": 7,
    "probs": {
        "eps_0.0": [
            1e-06,
            0.0,
            0.000106,
            5.9e-05,
            0.0,
            0.0,
            0.0,
            0.999832,
            0.0,
            2e-06
        ],
        "eps_0.05": [
            0.00014,
            0.0,
            0.717942,
            0.217004,
            0.0,
            3e-06,
            0.0,
            0.064907,
            0.0,
            4e-06
        ],
        "eps_0.1": [
            2e-06,
            0.0,
            0.87651,
            0.123478,
            0.0,
            5e-06,
            0.0,
            3e-06,
            0.0,
            0.0
        ],
        "eps_0.15": [
            0.0,
            0.0,
            0.838535,
            0.161452,
            0.0,
            1.2e-05,
            0.0,
            0.0,
            0.0,
            0.0
        ],
        "eps_0.2": [
            0.0,
            0.0,
            0.646401,
            0.353563,
            0.0,
            3.5e-05,
            0.0,
            0.0,
            0.0,
            0.0
        ],
        "eps_0.25": [
            0.0,
            0.0,
            0.479143,
            0.520818,
            0.0,
            3.8e-05,
            0.0,
            0.0,
            0.0,
            0.0
        ],
        "eps_0.3": [
            0.0,
            0.0,
            0.459303,
            0.54067,
            0.0,
            2.7e-05,
            0.0,
            0.0,
            0.0,
            0.0
        ],
        "eps_0.35": [
            0.0,
            0.0,
            0.542582,
            0.4574,
            0.0,
            1.8e-05,
            0.0,
            0.0,
            0.0,
            0.0
        ],
        "eps_0.4": [
            0.0,
            0.0,
            0.643092,
            0.3569,
            0.0,
            8e-06,
            0.0,
            0.0,
            0.0,
            0.0
        ],
        "eps_0.45": [
            0.0,
            0.0,
            0.758866,
            0.241128,
            0.0,
            6e-06,
            0.0,
            0.0,
            0.0,
            0.0
        ],
        "eps_0.5": [
            0.0,
            0.0,
            0.88022,
            0.119777,
            0.0,
            3e-06,
            0.0,
            0.0,
            0.0,
            0.0
        ]
    }
}