{
    "true_label": 3,
    "probs": {
        "eps_0.0": [
            0.0,
            0.0,
            0.0,
            1.0,
            0.0,
            0.0,
            0.0,
            0.0,
            0.0,
            0.0
        ],
        "eps_0.05": [
            0.0,
            0.0,
            0.0,
            0.999973,
            0.0,
            2.7e-05,
            0.0,
            0.0,
            0.0,
            0.0
        ],
        "eps_0.1": [
            0.0,
            0.0,
            0.0,
            0.998845,
            0.0,
            0.001116,
            0.0,
            0.0,
            0.0,
            3.9e-05
        ],
        "eps_0.15": [
            0.0,
            0.0,
            4e-06,
            0.97931,
            0.0,
            0.01727,
            0.0,
            0.0,
            1.4e-05,
            0.003401
        ],
        "eps_0.2": [
            4e-06,
            1e-06,
            0.000224,
            0.795675,
            4e-06,
            0.113808,
            1.3e-05,
            1e-06,
            0.00183,
            0.088442
        ],
        "eps_0.25": [
            7.7e-05,
            1e-06,
            0.002581,
            0.210334,
            0.000123,
            0.345162,
            0.000883,
            2e-06,
            0.102969,
            0.337868
        ],
        "eps_0.3": [
            0.000125,
            0.0,
            0.002144,
            0.007281,
            0.000422,
            0.149751,
            0.004132,
            1e-06,
            0.666243,
            0.169902
        ],
        "eps_0.35": [
            3.4e-05,
            0.0,
            0.000354,
            0.000137,
            0.00026,
            0.020436,
            0.00264,
            0.0,
            0.952973,
            0.023165
        ],
        "eps_0.4": [
            1.8e-05,
            0.0,
            8.8e-05,
            1.5e-05,
            0.000122,
            0.007181,
            0.001506,
            0.0,
            0.98568,
            0.00539
        ],
        "eps_0.45": [
            1.4e-05,
            0.0,
            3.7e-05,
            3e-06,
            8.5e-05,
            0.003766,
            0.001121,
            0.0,
            0.993001,
            0.001974
        ],
        "eps_0.5": [
            1.5e-05,
            0.0,
            2.4e-05,
            1e-06,
            8.1e-05,
            0.002886,
            0.001155,
            0.0,
            0.994795,
            0.001043
        ]
    }
}