{
    "true_label": 3,
    "probs": {
        "eps_0.0": [
            0.0,
            0.0,
            0.0,
            1.0,
            0.0,
            0.0,
            0.0,
            0.0,
            0.0,
            0.0
        ],
        "eps_0.05": [
            0.0,
            0.0,
            0.0,
            0.999966,
            0.0,
            3.4e-05,
            0.0,
            0.0,
            0.0,
            0.0
        ],
        "eps_0.1": [
            0.0,
            0.0,
            0.0,
            0.999008,
            0.0,
            0.000987,
            0.0,
            0.0,
            0.0,
            4e-06
        ],
        "eps_0.15": [
            0.0,
            1e-06,
            4e-06,
            0.982951,
            0.0,
            0.016851,
            0.0,
            0.0,
            9e-06,
            0.000183
        ],
        "eps_0.2": [
            1.1e-05,
            8e-06,
            0.000165,
            0.791719,
            1e-06,
            0.200218,
            0.00017,
            0.0,
            0.002033,
            0.005674
        ],
        "eps_0.25": [
            0.000163,
            8e-06,
            0.00128,
            0.312348,
            1.6e-05,
            0.574583,
            0.006549,
            0.0,
            0.07524,
            0.029811
        ],
        "eps_0.3": [
            0.000583,
            3e-06,
            0.002818,
            0.052897,
            5.5e-05,
            0.366017,
            0.037755,
            0.0,
            0.498406,
            0.041466
        ],
        "eps_0.35": [
            0.000576,
            0.0,
            0.002089,
            0.00484,
            5.9e-05,
            0.088573,
            0.051941,
            0.0,
            0.830822,
            0.021099
        ],
        "eps_0.4": [
            0.000374,
            0.0,
            0.001027,
            0.000632,
            6.2e-05,
            0.025109,
            0.032234,
            0.0,
            0.930947,
            0.009614
        ],
        "eps_0.45": [
            0.000335,
            0.0,
            0.00057,
            0.000174,
            4.4e-05,
            0.012378,
            0.020117,
            0.0,
            0.961356,
            0.005025
        ],
        "eps_0.5": [
            0.000335,
            0.0,
            0.000396,
            7.5e-05,
            3.3e-05,
            0.00753,
            0.01507,
            0.0,
            0.973283,
            0.003277
        ]
    }
}