{
    "true_label": 3,
    "probs": {
        "eps_0.0": [
            0.0,
            5e-06,
            1e-06,
            0.998721,
            0.0,
            0.001259,
            0.0,
            5e-06,
            0.0,
            8e-06
        ],
        "eps_0.05": [
            5e-06,
            0.00018,
            0.000134,
            0.969261,
            0.0,
            0.02954,
            5e-06,
            8e-05,
            2.6e-05,
            0.000767
        ],
        "eps_0.1": [
            0.002485,
            0.000809,
            0.008673,
            0.670269,
            3.9e-05,
            0.286685,
            0.004367,
            0.000548,
            0.009057,
            0.017068
        ],
        "eps_0.15": [
            0.050501,
            0.00062,
            0.040246,
            0.10447,
            0.000348,
            0.376644,
            0.10405,
            0.0004,
            0.287694,
            0.035026
        ],
        "eps_0.2": [
            0.02945,
            2.5e-05,
            0.008239,
            0.002524,
            0.000265,
            0.086715,
            0.087808,
            2.1e-05,
            0.773205,
            0.011748
        ],
        "eps_0.25": [
            0.009539,
            2e-06,
            0.002096,
            0.000234,
            6.7e-05,
            0.034267,
            0.050831,
            1e-06,
            0.899598,
            0.003364
        ],
        "eps_0.3": [
            0.002099,
            0.0,
            0.000555,
            2.3e-05,
            1.9e-05,
            0.011969,
            0.020481,
            0.0,
            0.963905,
            0.000948
        ],
        "eps_0.35": [
            0.000462,
            0.0,
            0.000209,
            4e-06,
            8e-06,
            0.004267,
            0.007251,
            0.0,
            0.987422,
            0.000377
        ],
        "eps_0.4": [
            0.000172,
            0.0,
            0.000163,
            2e-06,
            6e-06,
            0.002214,
            0.003666,
            0.0,
            0.993497,
            0.00028
        ],
        "eps_0.45": [
            0.000125,
            0.0,
            0.000191,
            1e-06,
            6e-06,
            0.001573,
            0.002807,
            0.0,
            0.994998,
            0.000299
        ],
        "eps_0.5": [
            0.000125,
            0.0,
            0.000253,
            1e-06,
            7e-06,
            0.001332,
            0.002682,
            0.0,
            0.995241,
            0.000358
        ]
    }
}