{
    "true_label": 5,
    "probs": {
        "eps_0.0": [
            0.0,
            0.0,
            0.0,
            0.0,
            0.001189,
            0.71691,
            0.005229,
            0.0,
            0.275327,
            0.001345
        ],
        "eps_0.05": [
            0.0,
            0.0,
            0.0,
            0.0,
            0.004676,
            0.042544,
            0.001977,
            0.0,
            0.950074,
            0.000729
        ],
        "eps_0.1": [
            0.0,
            0.0,
            0.0,
            0.0,
            0.006498,
            0.001439,
            0.000274,
            0.0,
            0.991652,
            0.000137
        ],
        "eps_0.15": [
            0.0,
            0.0,
            0.0,
            0.0,
            0.008274,
            9.2e-05,
            5.7e-05,
            0.0,
            0.991552,
            2.5e-05
        ],
        "eps_0.2": [
            0.0,
            0.0,
            0.0,
            0.0,
            0.009525,
            9e-06,
            1.4e-05,
            0.0,
            0.990448,
            4e-06
        ],
        "eps_0.25": [
            0.0,
            0.0,
            0.0,
            0.0,
            0.016138,
            1e-06,
            5e-06,
            0.0,
            0.983855,
            1e-06
        ],
        "eps_0.3": [
            0.0,
            0.0,
            0.0,
            0.0,
            0.02366,
            0.0,
            2e-06,
            0.0,
            0.976337,
            0.0
        ],
        "eps_0.35": [
            0.0,
            0.0,
            0.0,
            0.0,
            0.037954,
            0.0,
            1e-06,
            0.0,
            0.962045,
            0.0
        ],
        "eps_0.4": [
            1e-06,
            0.0,
            0.0,
            0.0,
            0.040692,
            0.0,
            0.0,
            0.0,
            0.959307,
            0.0
        ],
        "eps_0.45": [
            1e-06,
            0.0,
            0.0,
            0.0,
            0.034262,
            0.0,
            0.0,
            0.0,
            0.965737,
            0.0
        ],
        "eps_0.5": [
            1e-06,
            0.0,
            0.0,
            0.0,
            0.020565,
            0.0,
            0.0,
            0.0,
            0.979434,
            0.0
        ]
    }
}