{
    "true_label": 6,
    "probs": {
        "eps_0.0": [
            0.0,
            0.0,
            0.0,
            0.0,
            2e-06,
            1e-06,
            0.999997,
            0.0,
            0.0,
            0.0
        ],
        "eps_0.05": [
            4.5e-05,
            0.0,
            0.0,
            0.0,
            0.000237,
            0.000101,
            0.999523,
            0.0,
            9.1e-05,
            3e-06
        ],
        "eps_0.1": [
            0.006606,
            0.0,
            3.1e-05,
            0.0,
            0.002557,
            0.003144,
            0.947737,
            0.0,
            0.038784,
            0.001141
        ],
        "eps_0.15": [
            0.022086,
            0.0,
            0.001863,
            7e-06,
            0.005911,
            0.001446,
            0.064221,
            0.0,
            0.869995,
            0.034471
        ],
        "eps_0.2": [
            0.006581,
            0.0,
            0.006614,
            1.9e-05,
            0.002551,
            9.7e-05,
            0.00156,
            0.0,
            0.86505,
            0.117528
        ],
        "eps_0.25": [
            0.001912,
            0.0,
            0.009197,
            1.8e-05,
            0.000823,
            1.4e-05,
            0.000101,
            0.0,
            0.8218,
            0.166134
        ],
        "eps_0.3": [
            0.000577,
            0.0,
            0.009002,
            9e-06,
            0.000313,
            4e-06,
            1.4e-05,
            0.0,
            0.834263,
            0.155817
        ],
        "eps_0.35": [
            0.000274,
            0.0,
            0.008599,
            6e-06,
            0.000181,
            2e-06,
            4e-06,
            0.0,
            0.840177,
            0.150757
        ],
        "eps_0.4": [
            0.000169,
            0.0,
            0.008535,
            5e-06,
            0.000137,
            1e-06,
            2e-06,
            0.0,
            0.837818,
            0.153333
        ],
        "eps_0.45": [
            0.000127,
            0.0,
            0.007724,
            4e-06,
            0.000116,
            1e-06,
            2e-06,
            0.0,
            0.843697,
            0.14833
        ],
        "eps_0.5": [
            0.000137,
            0.0,
            0.007016,
            5e-06,
            0.000122,
            2e-06,
            2e-06,
            0.0,
            0.84221,
            0.150507
        ]
    }
}