{
    "true_label": 6,
    "probs": {
        "eps_0.0": [
            0.0,
            0.0,
            0.0,
            0.0,
            0.0,
            1e-06,
            0.999999,
            0.0,
            0.0,
            0.0
        ],
        "eps_0.05": [
            3.4e-05,
            0.0,
            0.0,
            0.0,
            0.0,
            0.000272,
            0.999669,
            0.0,
            2.6e-05,
            0.0
        ],
        "eps_0.1": [
            0.012462,
            0.0,
            6e-06,
            1e-06,
            1e-06,
            0.020008,
            0.909472,
            0.0,
            0.057992,
            5.8e-05
        ],
        "eps_0.15": [
            0.029718,
            0.0,
            8.6e-05,
            1.8e-05,
            4e-06,
            0.013854,
            0.220211,
            0.0,
            0.735049,
            0.001059
        ],
        "eps_0.2": [
            0.009921,
            0.0,
            0.000228,
            3.4e-05,
            2e-06,
            0.002372,
            0.031899,
            0.0,
            0.954432,
            0.001112
        ],
        "eps_0.25": [
            0.002818,
            0.0,
            0.000479,
            5.3e-05,
            1e-06,
            0.000386,
            0.004323,
            0.0,
            0.991011,
            0.000929
        ],
        "eps_0.3": [
            0.000581,
            0.0,
            0.000478,
            2.4e-05,
            0.0,
            3.4e-05,
            0.000219,
            0.0,
            0.998141,
            0.000522
        ],
        "eps_0.35": [
            0.00024,
            0.0,
            0.00044,
            9e-06,
            0.0,
            6e-06,
            2.6e-05,
            0.0,
            0.998923,
            0.000355
        ],
        "eps_0.4": [
            0.00011,
            0.0,
            0.000317,
            3e-06,
            0.0,
            2e-06,
            5e-06,
            0.0,
            0.99929,
            0.000274
        ],
        "eps_0.45": [
            6.2e-05,
            0.0,
            0.000194,
            1e-06,
            0.0,
            1e-06,
            1e-06,
            0.0,
            0.99955,
            0.000192
        ],
        "eps_0.5": [
            5.4e-05,
            0.0,
            0.000123,
            1e-06,
            0.0,
            0.0,
            1e-06,
            0.0,
            0.999666,
            0.000156
        ]
    }
}