{
    "true_label": 6,
    "probs": {
        "eps_0.0": [
            0.0,
            0.0,
            0.0,
            0.0,
            0.0,
            2.4e-05,
            0.999976,
            0.0,
            0.0,
            0.0
        ],
        "eps_0.05": [
            0.0,
            0.0,
            0.0,
            0.0,
            0.0,
            0.005104,
            0.994412,
            0.0,
            0.000484,
            0.0
        ],
        "eps_0.1": [
            2.2e-05,
            0.0,
            0.0,
            0.0,
            0.0,
            0.047485,
            0.822723,
            0.0,
            0.129767,
            3e-06
        ],
        "eps_0.15": [
            5.2e-05,
            0.0,
            4e-06,
            1e-06,
            0.0,
            0.017736,
            0.163354,
            0.0,
            0.818822,
            3e-05
        ],
        "eps_0.2": [
            2.3e-05,
            0.0,
            1.2e-05,
            1e-06,
            0.0,
            0.00132,
            0.008922,
            0.0,
            0.989686,
            3.7e-05
        ],
        "eps_0.25": [
            1.1e-05,
            0.0,
            2.6e-05,
            1e-06,
            0.0,
            8.5e-05,
            0.000345,
            0.0,
            0.999507,
            2.5e-05
        ],
        "eps_0.3": [
            7e-06,
            0.0,
            6.6e-05,
            2e-06,
            0.0,
            9e-06,
            2.3e-05,
            0.0,
            0.99987,
            2.3e-05
        ],
        "eps_0.35": [
            8e-06,
            0.0,
            0.000179,
            4e-06,
            0.0,
            2e-06,
            3e-06,
            0.0,
            0.999775,
            2.9e-05
        ],
        "eps_0.4": [
            1.4e-05,
            0.0,
            0.000502,
            1e-05,
            0.0,
            1e-06,
            1e-06,
            0.0,
            0.999425,
            4.7e-05
        ],
        "eps_0.45": [
            3.1e-05,
            0.0,
            0.001258,
            2.4e-05,
            0.0,
            0.0,
            0.0,
            0.0,
            0.998609,
            7.8e-05
        ],
        "eps_0.5": [
            8.2e-05,
            0.0,
            0.002345,
            5.1e-05,
            0.0,
            0.0,
            0.0,
            0.0,
            0.997375,
            0.000146
        ]
    }
}