{
    "true_label": 0,
    "probs": {
        "eps_0.0": [
            0.999999,
            0.0,
            0.0,
            0.0,
            0.0,
            0.0,
            1e-06,
            0.0,
            0.0,
            0.0
        ],
        "eps_0.05": [
            0.999206,
            0.0,
            4e-06,
            0.0,
            0.0,
            0.0,
            0.00079,
            0.0,
            0.0,
            0.0
        ],
        "eps_0.1": [
            0.709222,
            2e-06,
            0.000166,
            4.2e-05,
            5e-06,
            4e-06,
            0.290551,
            5e-06,
            0.0,
            3e-06
        ],
        "eps_0.15": [
            0.007473,
            1.2e-05,
            0.000194,
            0.000509,
            1.1e-05,
            1e-05,
            0.991788,
            2e-06,
            0.0,
            1e-06
        ],
        "eps_0.2": [
            3e-05,
            1.6e-05,
            0.000102,
            0.001347,
            5e-06,
            1.1e-05,
            0.998489,
            0.0,
            0.0,
            0.0
        ],
        "eps_0.25": [
            0.0,
            2e-05,
            6.4e-05,
            0.002329,
            1e-06,
            1.5e-05,
            0.99757,
            0.0,
            1e-06,
            0.0
        ],
        "eps_0.3": [
            0.0,
            2.8e-05,
            4.7e-05,
            0.003218,
            0.0,
            2.6e-05,
            0.996679,
            0.0,
            2e-06,
            0.0
        ],
        "eps_0.35": [
            0.0,
            2.3e-05,
            2.4e-05,
            0.002281,
            0.0,
            3e-05,
            0.997639,
            0.0,
            4e-06,
            0.0
        ],
        "eps_0.4": [
            0.0,
            1.5e-05,
            8e-06,
            0.00086,
            0.0,
            2.5e-05,
            0.999087,
            0.0,
            5e-06,
            0.0
        ],
        "eps_0.45": [
            0.0,
            7e-06,
            3e-06,
            0.000281,
            0.0,
            1.8e-05,
            0.999685,
            0.0,
            6e-06,
            0.0
        ],
        "eps_0.5": [
            0.0,
            3e-06,
            1e-06,
            9.1e-05,
            0.0,
            1.3e-05,
            0.999886,
            0.0,
            7e-06,
            0.0
        ]
    }
}