{
    "true_label": 0,
    "probs": {
        "eps_0.0": [
            1.0,
            0.0,
            0.0,
            0.0,
            0.0,
            0.0,
            0.0,
            0.0,
            0.0,
            0.0
        ],
        "eps_0.05": [
            0.999439,
            0.0,
            0.0,
            0.0,
            0.0,
            0.0,
            0.0,
            0.0,
            0.0,
            0.00056
        ],
        "eps_0.1": [
            0.357686,
            0.0,
            4e-06,
            3e-06,
            0.0,
            0.000233,
            1e-06,
            9e-06,
            0.0,
            0.642064
        ],
        "eps_0.15": [
            0.000409,
            0.0,
            0.0,
            2e-06,
            0.0,
            0.000813,
            0.0,
            1e-06,
            0.0,
            0.998775
        ],
        "eps_0.2": [
            0.0,
            0.0,
            0.0,
            2e-06,
            0.0,
            0.0029,
            0.0,
            0.0,
            0.0,
            0.997097
        ],
        "eps_0.25": [
            0.0,
            0.0,
            0.0,
            2e-06,
            0.0,
            0.012601,
            0.0,
            0.0,
            1e-06,
            0.987396
        ],
        "eps_0.3": [
            0.0,
            0.0,
            0.0,
            2e-06,
            0.0,
            0.050911,
            0.0,
            0.0,
            2e-06,
            0.949085
        ],
        "eps_0.35": [
            0.0,
            0.0,
            0.0,
            2e-06,
            0.0,
            0.234256,
            0.0,
            0.0,
            3e-06,
            0.765739
        ],
        "eps_0.4": [
            0.0,
            0.0,
            0.0,
            1e-06,
            0.0,
            0.558197,
            0.0,
            0.0,
            3e-06,
            0.441799
        ],
        "eps_0.45": [
            0.0,
            0.0,
            0.0,
            1e-06,
            0.0,
            0.802934,
            0.0,
            0.0,
            2e-06,
            0.197063
        ],
        "eps_0.5": [
            0.0,
            0.0,
            0.0,
            0.0,
            0.0,
            0.931116,
            0.0,
            0.0,
            1e-06,
            0.068883
        ]
    }
}