{
    "true_label": 3,
    "probs": {
        "eps_0.0": [
            0.0,
            0.0,
            2e-06,
            0.102086,
            1.7e-05,
            0.884469,
            0.0,
            0.0,
            0.011613,
            0.001813
        ],
        "eps_0.05": [
            0.0,
            0.0,
            0.0,
            0.000165,
            3e-06,
            0.998012,
            0.0,
            0.0,
            0.001602,
            0.000218
        ],
        "eps_0.1": [
            0.0,
            0.0,
            0.0,
            0.0,
            1e-06,
            0.999581,
            0.0,
            0.0,
            0.000399,
            1.9e-05
        ],
        "eps_0.15": [
            0.0,
            0.0,
            0.0,
            0.0,
            0.0,
            0.99986,
            0.0,
            0.0,
            0.000138,
            2e-06
        ],
        "eps_0.2": [
            0.0,
            0.0,
            0.0,
            0.0,
            0.0,
            0.999916,
            0.0,
            0.0,
            8.3e-05,
            0.0
        ],
        "eps_0.25": [
            0.0,
            0.0,
            0.0,
            0.0,
            0.0,
            0.999893,
            0.0,
            0.0,
            0.000107,
            0.0
        ],
        "eps_0.3": [
            0.0,
            0.0,
            0.0,
            0.0,
            1e-06,
            0.999844,
            0.0,
            0.0,
            0.000155,
            0.0
        ],
        "eps_0.35": [
            0.0,
            0.0,
            0.0,
            0.0,
            1e-06,
            0.999827,
            0.0,
            0.0,
            0.000172,
            0.0
        ],
        "eps_0.4": [
            0.0,
            0.0,
            0.0,
            0.0,
            2e-06,
            0.999834,
            0.0,
            0.0,
            0.000164,
            0.0
        ],
        "eps_0.45": [
            0.0,
            0.0,
            0.0,
            0.0,
            4e-06,
            0.999753,
            0.0,
            0.0,
            0.000243,
            0.0
        ],
        "eps_0.5": [
            0.0,
            0.0,
            0.0,
            0.0,
            1e-05,
            0.999717,
            0.0,
            0.0,
            0.000273,
            0.0
        ]
    }
}