{
    "true_label": 5,
    "probs": {
        "eps_0.0": [
            0.0,
            0.0,
            4e-06,
            0.0,
            3e-06,
            0.994687,
            0.00459,
            0.0,
            0.000715,
            1e-06
        ],
        "eps_0.05": [
            0.0,
            0.0,
            0.000499,
            0.0,
            3.2e-05,
            0.027721,
            0.963336,
            0.0,
            0.008411,
            0.0
        ],
        "eps_0.1": [
            0.0,
            0.0,
            0.000326,
            0.0,
            3e-06,
            7e-06,
            0.999038,
            0.0,
            0.000626,
            0.0
        ],
        "eps_0.15": [
            0.0,
            0.0,
            0.000389,
            0.0,
            0.0,
            0.0,
            0.999532,
            0.0,
            7.8e-05,
            0.0
        ],
        "eps_0.2": [
            0.0,
            0.0,
            0.000269,
            0.0,
            0.0,
            0.0,
            0.999718,
            0.0,
            1.2e-05,
            0.0
        ],
        "eps_0.25": [
            0.0,
            0.0,
            0.000143,
            0.0,
            0.0,
            0.0,
            0.999853,
            0.0,
            3e-06,
            0.0
        ],
        "eps_0.3": [
            0.0,
            0.0,
            5.1e-05,
            0.0,
            0.0,
            0.0,
            0.999949,
            0.0,
            1e-06,
            0.0
        ],
        "eps_0.35": [
            0.0,
            0.0,
            9e-06,
            0.0,
            0.0,
            0.0,
            0.999991,
            0.0,
            0.0,
            0.0
        ],
        "eps_0.4": [
            0.0,
            0.0,
            1e-06,
            0.0,
            0.0,
            0.0,
            0.999999,
            0.0,
            0.0,
            0.0
        ],
        "eps_0.45": [
            0.0,
            0.0,
            0.0,
            0.0,
            0.0,
            0.0,
            1.0,
            0.0,
            0.0,
            0.0
        ],
        "eps_0.5": [
            0.0,
            0.0,
            0.0,
            0.0,
            0.0,
            0.0,
            1.0,
            0.0,
            0.0,
            0.0
        ]
    }
}