{
    "true_label": 1,
    "probs": {
        "eps_0.0": [
            0.0,
            1.0,
            0.0,
            0.0,
            0.0,
            0.0,
            0.0,
            0.0,
            0.0,
            0.0
        ],
        "eps_0.05": [
            0.0,
            0.999999,
            0.0,
            0.0,
            0.0,
            0.0,
            0.0,
            1e-06,
            0.0,
            0.0
        ],
        "eps_0.1": [
            0.0,
            0.999985,
            0.0,
            0.0,
            3e-06,
            0.0,
            0.0,
            1.2e-05,
            0.0,
            0.0
        ],
        "eps_0.15": [
            0.0,
            0.999434,
            0.0,
            0.0,
            4.2e-05,
            0.0,
            0.0,
            0.000524,
            0.0,
            0.0
        ],
        "eps_0.2": [
            0.0,
            0.975871,
            5e-06,
            0.0,
            0.000704,
            0.0,
            0.0,
            0.0234,
            1e-05,
            8e-06
        ],
        "eps_0.25": [
            0.0,
            0.473868,
            7.9e-05,
            2e-06,
            0.006954,
            0.0,
            0.0,
            0.518436,
            0.000334,
            0.000326
        ],
        "eps_0.3": [
            0.0,
            0.035249,
            0.000113,
            1.6e-05,
            0.007718,
            0.0,
            0.0,
            0.954658,
            0.001101,
            0.001144
        ],
        "eps_0.35": [
            0.0,
            0.008769,
            0.00011,
            8.3e-05,
            0.008035,
            0.0,
            0.0,
            0.976146,
            0.003308,
            0.003548
        ],
        "eps_0.4": [
            1e-06,
            0.004112,
            0.000174,
            0.000399,
            0.011,
            0.0,
            0.0,
            0.956391,
            0.016832,
            0.011093
        ],
        "eps_0.45": [
            1e-06,
            0.002833,
            0.000348,
            0.001607,
            0.014969,
            0.0,
            0.0,
            0.868278,
            0.088317,
            0.023647
        ],
        "eps_0.5": [
            3e-06,
            0.003366,
            0.000714,
            0.004491,
            0.019298,
            0.0,
            0.0,
            0.622373,
            0.320018,
            0.029735
        ]
    }
}