{
    "true_label": 1,
    "probs": {
        "eps_0.0": [
            0.0,
            1.0,
            0.0,
            0.0,
            0.0,
            0.0,
            0.0,
            0.0,
            0.0,
            0.0
        ],
        "eps_0.05": [
            0.0,
            1.0,
            0.0,
            0.0,
            0.0,
            0.0,
            0.0,
            0.0,
            0.0,
            0.0
        ],
        "eps_0.1": [
            0.0,
            0.999995,
            0.0,
            0.0,
            5e-06,
            0.0,
            0.0,
            0.0,
            0.0,
            0.0
        ],
        "eps_0.15": [
            0.0,
            0.99989,
            0.0,
            0.0,
            0.000109,
            0.0,
            0.0,
            0.0,
            0.0,
            0.0
        ],
        "eps_0.2": [
            0.0,
            0.99876,
            0.0,
            0.0,
            0.001237,
            0.0,
            0.0,
            2e-06,
            0.0,
            0.0
        ],
        "eps_0.25": [
            0.0,
            0.989218,
            0.0,
            3e-06,
            0.010766,
            2e-06,
            0.0,
            1e-05,
            0.0,
            0.0
        ],
        "eps_0.3": [
            0.0,
            0.878946,
            0.0,
            3.1e-05,
            0.12094,
            1.4e-05,
            0.0,
            5.9e-05,
            1.1e-05,
            0.0
        ],
        "eps_0.35": [
            0.0,
            0.394523,
            0.0,
            0.000199,
            0.604826,
            7.1e-05,
            1e-06,
            0.000165,
            0.000213,
            1e-06
        ],
        "eps_0.4": [
            0.0,
            0.060588,
            0.0,
            0.000467,
            0.937346,
            0.000118,
            2e-06,
            0.000142,
            0.001336,
            1e-06
        ],
        "eps_0.45": [
            0.0,
            0.01052,
            1e-06,
            0.000818,
            0.982227,
            0.000196,
            2e-06,
            9.8e-05,
            0.006137,
            1e-06
        ],
        "eps_0.5": [
            0.0,
            0.003778,
            1e-06,
            0.00054,
            0.98186,
            0.000211,
            3e-06,
            5.7e-05,
            0.013549,
            1e-06
        ]
    }
}