{
    "true_label": 1,
    "probs": {
        "eps_0.0": [
            0.0,
            1.0,
            0.0,
            0.0,
            0.0,
            0.0,
            0.0,
            0.0,
            0.0,
            0.0
        ],
        "eps_0.05": [
            0.0,
            0.999996,
            0.0,
            0.0,
            1e-06,
            0.0,
            0.0,
            2e-06,
            0.0,
            0.0
        ],
        "eps_0.1": [
            0.0,
            0.999836,
            2e-06,
            0.0,
            5e-05,
            7e-06,
            6e-06,
            9.6e-05,
            3e-06,
            0.0
        ],
        "eps_0.15": [
            1.9e-05,
            0.99201,
            7.8e-05,
            4e-06,
            0.00196,
            0.000276,
            0.000135,
            0.004953,
            0.000508,
            5.7e-05
        ],
        "eps_0.2": [
            0.000593,
            0.598549,
            0.001883,
            0.00178,
            0.083978,
            0.011412,
            0.002735,
            0.170889,
            0.10919,
            0.018991
        ],
        "eps_0.25": [
            0.00036,
            0.00799,
            0.001275,
            0.018385,
            0.113471,
            0.014393,
            0.002073,
            0.09038,
            0.627068,
            0.124605
        ],
        "eps_0.3": [
            0.000134,
            0.000421,
            0.000263,
            0.014316,
            0.046529,
            0.028989,
            0.001521,
            0.011519,
            0.716281,
            0.180027
        ],
        "eps_0.35": [
            8.2e-05,
            8e-05,
            8.2e-05,
            0.007771,
            0.017454,
            0.115018,
            0.001563,
            0.002136,
            0.627398,
            0.228417
        ],
        "eps_0.4": [
            3.6e-05,
            2.2e-05,
            3.1e-05,
            0.005416,
            0.009659,
            0.354587,
            0.001613,
            0.000576,
            0.445387,
            0.182674
        ],
        "eps_0.45": [
            1.1e-05,
            8e-06,
            7e-06,
            0.003014,
            0.004538,
            0.735724,
            0.00168,
            0.000171,
            0.178271,
            0.076576
        ],
        "eps_0.5": [
            4e-06,
            3e-06,
            1e-06,
            0.001161,
            0.002274,
            0.90618,
            0.001484,
            5.3e-05,
            0.062635,
            0.026204
        ]
    }
}