{
    "true_label": 0,
    "probs": {
        "eps_0.0": [
            0.999996,
            0.0,
            0.0,
            0.0,
            0.0,
            0.0,
            2e-06,
            0.0,
            0.0,
            1e-06
        ],
        "eps_0.05": [
            0.999443,
            0.0,
            4.3e-05,
            1e-06,
            0.0,
            2.6e-05,
            0.000264,
            9e-06,
            0.000123,
            9e-05
        ],
        "eps_0.1": [
            0.945176,
            0.0,
            0.006249,
            0.000339,
            3.4e-05,
            0.000923,
            0.007403,
            3.5e-05,
            0.033482,
            0.006358
        ],
        "eps_0.15": [
            0.537324,
            1e-06,
            0.024787,
            0.002253,
            0.000239,
            0.002134,
            0.026882,
            1.7e-05,
            0.380399,
            0.025965
        ],
        "eps_0.2": [
            0.194982,
            1e-06,
            0.022163,
            0.002707,
            0.000361,
            0.001697,
            0.026319,
            6e-06,
            0.721494,
            0.030269
        ],
        "eps_0.25": [
            0.036778,
            0.0,
            0.011076,
            0.001295,
            0.000264,
            0.000604,
            0.009115,
            1e-06,
            0.925399,
            0.015466
        ],
        "eps_0.3": [
            0.004556,
            0.0,
            0.002406,
            0.00021,
            9.6e-05,
            0.000221,
            0.002987,
            0.0,
            0.985951,
            0.003573
        ],
        "eps_0.35": [
            0.000766,
            0.0,
            0.000474,
            3.3e-05,
            3.8e-05,
            9.3e-05,
            0.001089,
            0.0,
            0.996581,
            0.000927
        ],
        "eps_0.4": [
            0.000154,
            0.0,
            9.8e-05,
            6e-06,
            1.9e-05,
            5.2e-05,
            0.000461,
            0.0,
            0.998937,
            0.000272
        ],
        "eps_0.45": [
            3.8e-05,
            0.0,
            2.3e-05,
            1e-06,
            1.1e-05,
            3.5e-05,
            0.000211,
            0.0,
            0.999592,
            8.9e-05
        ],
        "eps_0.5": [
            1.1e-05,
            0.0,
            6e-06,
            0.0,
            6e-06,
            2.4e-05,
            0.000105,
            0.0,
            0.999817,
            3.1e-05
        ]
    }
}