{
    "true_label": 0,
    "probs": {
        "eps_0.0": [
            1.0,
            0.0,
            0.0,
            0.0,
            0.0,
            0.0,
            0.0,
            0.0,
            0.0,
            0.0
        ],
        "eps_0.05": [
            0.999876,
            0.0,
            8e-06,
            0.0,
            0.0,
            0.0,
            3e-06,
            0.0,
            6.4e-05,
            4.8e-05
        ],
        "eps_0.1": [
            0.828989,
            0.0,
            0.004272,
            6.2e-05,
            2e-06,
            5e-06,
            0.000259,
            0.0,
            0.156799,
            0.009611
        ],
        "eps_0.15": [
            0.032023,
            0.0,
            0.006319,
            8.1e-05,
            1e-06,
            3e-06,
            0.000109,
            0.0,
            0.953758,
            0.007706
        ],
        "eps_0.2": [
            0.002862,
            0.0,
            0.002074,
            2.4e-05,
            1e-06,
            1e-06,
            2.7e-05,
            0.0,
            0.990526,
            0.004485
        ],
        "eps_0.25": [
            0.000468,
            0.0,
            0.000922,
            9e-06,
            0.0,
            1e-06,
            8e-06,
            0.0,
            0.995957,
            0.002635
        ],
        "eps_0.3": [
            9.4e-05,
            0.0,
            0.000382,
            4e-06,
            0.0,
            0.0,
            3e-06,
            0.0,
            0.998268,
            0.001249
        ],
        "eps_0.35": [
            3e-05,
            0.0,
            0.000206,
            2e-06,
            0.0,
            0.0,
            1e-06,
            0.0,
            0.999091,
            0.000669
        ],
        "eps_0.4": [
            1.6e-05,
            0.0,
            0.000145,
            2e-06,
            0.0,
            0.0,
            1e-06,
            0.0,
            0.99938,
            0.000455
        ],
        "eps_0.45": [
            1.1e-05,
            0.0,
            0.000102,
            2e-06,
            0.0,
            0.0,
            1e-06,
            0.0,
            0.999526,
            0.000358
        ],
        "eps_0.5": [
            1.2e-05,
            0.0,
            9.3e-05,
            3e-06,
            0.0,
            0.0,
            1e-06,
            0.0,
            0.999501,
            0.00039
        ]
    }
}