{
    "true_label": 0,
    "probs": {
        "eps_0.0": [
            1.0,
            0.0,
            0.0,
            0.0,
            0.0,
            0.0,
            0.0,
            0.0,
            0.0,
            0.0
        ],
        "eps_0.05": [
            0.999995,
            0.0,
            2e-06,
            0.0,
            0.0,
            0.0,
            0.0,
            0.0,
            3e-06,
            0.0
        ],
        "eps_0.1": [
            0.986457,
            0.0,
            0.000855,
            0.0,
            0.0,
            0.0,
            0.0,
            0.0,
            0.012623,
            6.5e-05
        ],
        "eps_0.15": [
            0.089554,
            0.0,
            0.009802,
            0.0,
            0.0,
            0.0,
            0.0,
            0.0,
            0.900449,
            0.000195
        ],
        "eps_0.2": [
            0.001096,
            0.0,
            0.001587,
            0.0,
            0.0,
            0.0,
            0.0,
            0.0,
            0.997282,
            3.5e-05
        ],
        "eps_0.25": [
            3.4e-05,
            0.0,
            0.000285,
            0.0,
            0.0,
            0.0,
            0.0,
            0.0,
            0.999671,
            1e-05
        ],
        "eps_0.3": [
            4e-06,
            0.0,
            0.000108,
            0.0,
            0.0,
            0.0,
            0.0,
            0.0,
            0.999884,
            4e-06
        ],
        "eps_0.35": [
            1e-06,
            0.0,
            4.6e-05,
            0.0,
            0.0,
            0.0,
            0.0,
            0.0,
            0.999951,
            2e-06
        ],
        "eps_0.4": [
            0.0,
            0.0,
            1.9e-05,
            0.0,
            0.0,
            0.0,
            0.0,
            0.0,
            0.999979,
            1e-06
        ],
        "eps_0.45": [
            0.0,
            0.0,
            7e-06,
            0.0,
            0.0,
            0.0,
            0.0,
            0.0,
            0.999993,
            0.0
        ],
        "eps_0.5": [
            0.0,
            0.0,
            3e-06,
            0.0,
            0.0,
            0.0,
            0.0,
            0.0,
            0.999997,
            0.0
        ]
    }
}