{
    "true_label": 2,
    "probs": {
        "eps_0.0": [
            0.0,
            5e-06,
            0.999994,
            0.0,
            0.0,
            0.0,
            0.0,
            0.0,
            0.0,
            0.0
        ],
        "eps_0.05": [
            0.0,
            0.019169,
            0.980652,
            0.000124,
            0.0,
            2.7e-05,
            1e-06,
            0.0,
            2.7e-05,
            0.0
        ],
        "eps_0.1": [
            0.0,
            0.95316,
            0.039277,
            0.006007,
            0.0,
            0.001475,
            3e-06,
            0.0,
            7.8e-05,
            0.0
        ],
        "eps_0.15": [
            0.0,
            0.973714,
            0.000179,
            0.01881,
            0.0,
            0.007284,
            1e-06,
            0.0,
            1.2e-05,
            0.0
        ],
        "eps_0.2": [
            0.0,
            0.867173,
            2e-06,
            0.060104,
            0.0,
            0.072718,
            1e-06,
            0.0,
            3e-06,
            0.0
        ],
        "eps_0.25": [
            0.0,
            0.422301,
            0.0,
            0.126961,
            0.0,
            0.450736,
            0.0,
            1e-06,
            0.0,
            0.0
        ],
        "eps_0.3": [
            0.0,
            0.139042,
            0.0,
            0.103621,
            0.0,
            0.757334,
            0.0,
            4e-06,
            0.0,
            0.0
        ],
        "eps_0.35": [
            0.0,
            0.048041,
            0.0,
            0.056838,
            0.0,
            0.895106,
            0.0,
            1.5e-05,
            0.0,
            0.0
        ],
        "eps_0.4": [
            0.0,
            0.015224,
            0.0,
            0.028122,
            0.0,
            0.956594,
            0.0,
            6e-05,
            0.0,
            0.0
        ],
        "eps_0.45": [
            0.0,
            0.004778,
            0.0,
            0.015016,
            0.0,
            0.979939,
            0.0,
            0.000266,
            0.0,
            0.0
        ],
        "eps_0.5": [
            0.0,
            0.001234,
            0.0,
            0.007502,
            0.0,
            0.990099,
            0.0,
            0.001166,
            0.0,
            0.0
        ]
    }
}