{
    "true_label": 2,
    "probs": {
        "eps_0.0": [
            0.0,
            1.4e-05,
            0.999985,
            0.0,
            0.0,
            0.0,
            0.0,
            0.0,
            1e-06,
            0.0
        ],
        "eps_0.05": [
            0.0,
            0.026954,
            0.972998,
            3.1e-05,
            0.0,
            1e-05,
            0.0,
            4e-06,
            1e-06,
            0.0
        ],
        "eps_0.1": [
            0.0,
            0.962908,
            0.036537,
            0.000173,
            0.0,
            0.000353,
            0.0,
            2.8e-05,
            0.0,
            0.0
        ],
        "eps_0.15": [
            0.0,
            0.999237,
            8.2e-05,
            4.8e-05,
            0.0,
            0.000623,
            0.0,
            1e-05,
            0.0,
            0.0
        ],
        "eps_0.2": [
            0.0,
            0.998899,
            0.0,
            1.4e-05,
            0.0,
            0.001083,
            0.0,
            4e-06,
            0.0,
            0.0
        ],
        "eps_0.25": [
            0.0,
            0.997902,
            0.0,
            5e-06,
            0.0,
            0.002091,
            0.0,
            2e-06,
            0.0,
            0.0
        ],
        "eps_0.3": [
            0.0,
            0.996438,
            0.0,
            2e-06,
            0.0,
            0.003558,
            0.0,
            1e-06,
            0.0,
            0.0
        ],
        "eps_0.35": [
            0.0,
            0.994876,
            0.0,
            1e-06,
            0.0,
            0.005122,
            0.0,
            1e-06,
            0.0,
            0.0
        ],
        "eps_0.4": [
            0.0,
            0.987768,
            0.0,
            1e-06,
            0.0,
            0.012229,
            0.0,
            1e-06,
            0.0,
            0.0
        ],
        "eps_0.45": [
            0.0,
            0.966121,
            0.0,
            1e-06,
            0.0,
            0.033876,
            0.0,
            2e-06,
            0.0,
            0.0
        ],
        "eps_0.5": [
            0.0,
            0.924923,
            0.0,
            1e-06,
            0.0,
            0.075074,
            0.0,
            3e-06,
            0.0,
            0.0
        ]
    }
}