{
    "true_label": 4,
    "probs": {
        "eps_0.0": [
            0.0,
            0.0,
            0.0,
            0.0,
            1.0,
            0.0,
            0.0,
            0.0,
            0.0,
            0.0
        ],
        "eps_0.05": [
            0.0,
            0.0,
            0.0,
            0.0,
            0.99983,
            0.0,
            0.0,
            0.0,
            0.0,
            0.00017
        ],
        "eps_0.1": [
            0.0,
            0.0,
            5.8e-05,
            0.0,
            0.575793,
            0.0,
            0.0,
            0.0,
            0.004267,
            0.419881
        ],
        "eps_0.15": [
            0.0,
            0.0,
            5.3e-05,
            0.0,
            0.008646,
            0.0,
            0.0,
            0.0,
            0.04258,
            0.948721
        ],
        "eps_0.2": [
            0.0,
            0.0,
            4.6e-05,
            0.0,
            0.001325,
            0.0,
            0.0,
            0.0,
            0.116151,
            0.882477
        ],
        "eps_0.25": [
            0.0,
            0.0,
            5.6e-05,
            0.0,
            0.000544,
            0.0,
            0.0,
            0.0,
            0.283333,
            0.716066
        ],
        "eps_0.3": [
            1e-06,
            0.0,
            6.4e-05,
            0.0,
            0.000266,
            0.0,
            0.0,
            0.0,
            0.552275,
            0.447394
        ],
        "eps_0.35": [
            3e-06,
            0.0,
            6.9e-05,
            0.0,
            0.000125,
            0.0,
            0.0,
            0.0,
            0.804119,
            0.195684
        ],
        "eps_0.4": [
            5e-06,
            0.0,
            5.2e-05,
            0.0,
            5.7e-05,
            0.0,
            0.0,
            0.0,
            0.925165,
            0.07472
        ],
        "eps_0.45": [
            1.1e-05,
            0.0,
            4.7e-05,
            0.0,
            3.6e-05,
            0.0,
            0.0,
            0.0,
            0.961424,
            0.038481
        ],
        "eps_0.5": [
            2.6e-05,
            0.0,
            4.3e-05,
            0.0,
            3e-05,
            1e-06,
            0.0,
            0.0,
            0.978252,
            0.021648
        ]
    }
}