{
    "true_label": 4,
    "probs": {
        "eps_0.0": [
            0.0,
            0.0,
            0.0,
            0.0,
            0.999981,
            0.0,
            0.0,
            0.0,
            0.0,
            1.9e-05
        ],
        "eps_0.05": [
            0.0,
            0.0,
            1.5e-05,
            0.0,
            0.787881,
            0.0,
            0.0,
            0.0,
            0.00016,
            0.211944
        ],
        "eps_0.1": [
            0.0,
            0.0,
            0.000174,
            1e-06,
            0.003594,
            0.0,
            0.0,
            0.0,
            0.01535,
            0.980881
        ],
        "eps_0.15": [
            0.0,
            0.0,
            8.9e-05,
            2e-06,
            0.000126,
            0.0,
            0.0,
            0.0,
            0.013868,
            0.985914
        ],
        "eps_0.2": [
            0.0,
            0.0,
            8.4e-05,
            8e-06,
            1.6e-05,
            0.0,
            0.0,
            0.0,
            0.025333,
            0.974559
        ],
        "eps_0.25": [
            0.0,
            0.0,
            0.000105,
            2.5e-05,
            4e-06,
            0.0,
            0.0,
            0.0,
            0.072546,
            0.92732
        ],
        "eps_0.3": [
            0.0,
            0.0,
            0.000148,
            6.3e-05,
            2e-06,
            0.0,
            0.0,
            0.0,
            0.155128,
            0.84466
        ],
        "eps_0.35": [
            0.0,
            0.0,
            0.000239,
            0.000181,
            1e-06,
            0.0,
            0.0,
            0.0,
            0.283608,
            0.71597
        ],
        "eps_0.4": [
            0.0,
            0.0,
            0.000387,
            0.000532,
            1e-06,
            0.0,
            0.0,
            0.0,
            0.41796,
            0.581119
        ],
        "eps_0.45": [
            1e-06,
            0.0,
            0.000617,
            0.001371,
            2e-06,
            0.0,
            0.0,
            0.0,
            0.506791,
            0.491218
        ],
        "eps_0.5": [
            3e-06,
            0.0,
            0.000963,
            0.00353,
            3e-06,
            0.0,
            0.0,
            0.0,
            0.572537,
            0.422964
        ]
    }
}