{
    "true_label": 4,
    "probs": {
        "eps_0.0": [
            0.0,
            0.000108,
            3e-06,
            0.0,
            0.989932,
            3e-06,
            0.0,
            0.0,
            0.007945,
            0.002009
        ],
        "eps_0.05": [
            1e-06,
            1e-06,
            0.000226,
            0.0,
            0.045787,
            1.8e-05,
            1e-06,
            0.0,
            0.881885,
            0.07208
        ],
        "eps_0.1": [
            0.0,
            0.0,
            8.8e-05,
            0.0,
            7.7e-05,
            0.0,
            0.0,
            0.0,
            0.989227,
            0.010608
        ],
        "eps_0.15": [
            0.0,
            0.0,
            2.5e-05,
            0.0,
            0.0,
            0.0,
            0.0,
            0.0,
            0.999428,
            0.000547
        ],
        "eps_0.2": [
            0.0,
            0.0,
            1e-05,
            0.0,
            0.0,
            0.0,
            0.0,
            0.0,
            0.999946,
            4.5e-05
        ],
        "eps_0.25": [
            0.0,
            0.0,
            3e-06,
            0.0,
            0.0,
            0.0,
            0.0,
            0.0,
            0.999992,
            5e-06
        ],
        "eps_0.3": [
            0.0,
            0.0,
            1e-06,
            0.0,
            0.0,
            0.0,
            0.0,
            0.0,
            0.999999,
            1e-06
        ],
        "eps_0.35": [
            0.0,
            0.0,
            0.0,
            0.0,
            0.0,
            0.0,
            0.0,
            0.0,
            0.999999,
            0.0
        ],
        "eps_0.4": [
            0.0,
            0.0,
            0.0,
            0.0,
            0.0,
            0.0,
            0.0,
            0.0,
            1.0,
            0.0
        ],
        "eps_0.45": [
            0.0,
            0.0,
            0.0,
            0.0,
            0.0,
            0.0,
            0.0,
            0.0,
            1.0,
            0.0
        ],
        "eps_0.5": [
            0.0,
            0.0,
            0.0,
            0.0,
            0.0,
            0.0,
            0.0,
            0.0,
            1.0,
            0.0
        ]
    }
}