{
    "true_label": 9,
    "probs": {
        "eps_0.0": [
            0.0,
            0.0,
            0.0,
            0.0,
            2e-06,
            0.0,
            0.0,
            0.0,
            0.0,
            0.999998
        ],
        "eps_0.05": [
            0.0,
            0.0,
            0.0,
            0.0,
            0.000407,
            0.0,
            0.0,
            0.0,
            1e-06,
            0.999592
        ],
        "eps_0.1": [
            0.0,
            0.0,
            1.1e-05,
            1e-06,
            0.024787,
            1e-06,
            0.0,
            0.0,
            0.001507,
            0.973693
        ],
        "eps_0.15": [
            2e-06,
            0.0,
            0.002075,
            4.5e-05,
            0.151447,
            7e-06,
            0.0,
            4e-06,
            0.078256,
            0.768164
        ],
        "eps_0.2": [
            4.9e-05,
            1e-06,
            0.035527,
            0.000245,
            0.262127,
            1e-05,
            1e-06,
            1e-05,
            0.339114,
            0.362918
        ],
        "eps_0.25": [
            0.000281,
            1e-06,
            0.067586,
            0.000326,
            0.131987,
            5e-06,
            3e-06,
            7e-06,
            0.671727,
            0.128077
        ],
        "eps_0.3": [
            0.000759,
            1e-06,
            0.069723,
            0.000294,
            0.061526,
            2e-06,
            4e-06,
            4e-06,
            0.818868,
            0.04882
        ],
        "eps_0.35": [
            0.00157,
            1e-06,
            0.059561,
            0.000213,
            0.029774,
            1e-06,
            4e-06,
            3e-06,
            0.884912,
            0.023963
        ],
        "eps_0.4": [
            0.002214,
            0.0,
            0.039552,
            0.000118,
            0.011354,
            0.0,
            3e-06,
            2e-06,
            0.934582,
            0.012174
        ],
        "eps_0.45": [
            0.00285,
            0.0,
            0.024131,
            5.2e-05,
            0.00302,
            0.0,
            1e-06,
            1e-06,
            0.96445,
            0.005494
        ],
        "eps_0.5": [
            0.003521,
            0.0,
            0.015092,
            2.6e-05,
            0.000836,
            0.0,
            1e-06,
            0.0,
            0.977793,
            0.00273
        ]
    }
}