{
    "true_label": 9,
    "probs": {
        "eps_0.0": [
            0.0,
            0.0,
            0.0,
            0.0,
            1.1e-05,
            0.0,
            0.0,
            1e-06,
            0.0,
            0.999988
        ],
        "eps_0.05": [
            0.0,
            0.0,
            0.0,
            0.0,
            0.000723,
            0.0,
            0.0,
            1.5e-05,
            0.000107,
            0.999154
        ],
        "eps_0.1": [
            2.4e-05,
            0.0,
            0.000626,
            5e-06,
            0.016078,
            1.8e-05,
            0.0,
            6.3e-05,
            0.106407,
            0.876779
        ],
        "eps_0.15": [
            0.000265,
            0.0,
            0.012101,
            5.9e-05,
            0.013384,
            2.2e-05,
            5e-06,
            2.5e-05,
            0.509749,
            0.464389
        ],
        "eps_0.2": [
            0.00039,
            0.0,
            0.018478,
            8.9e-05,
            0.002367,
            5e-06,
            4e-06,
            5e-06,
            0.83418,
            0.144482
        ],
        "eps_0.25": [
            0.000255,
            0.0,
            0.013324,
            4.9e-05,
            0.000357,
            1e-06,
            1e-06,
            1e-06,
            0.938141,
            0.047871
        ],
        "eps_0.3": [
            9e-05,
            0.0,
            0.008101,
            1.7e-05,
            3.9e-05,
            0.0,
            0.0,
            0.0,
            0.981314,
            0.010439
        ],
        "eps_0.35": [
            3.5e-05,
            0.0,
            0.004068,
            5e-06,
            4e-06,
            0.0,
            0.0,
            0.0,
            0.993445,
            0.002443
        ],
        "eps_0.4": [
            1.4e-05,
            0.0,
            0.001956,
            1e-06,
            1e-06,
            0.0,
            0.0,
            0.0,
            0.997349,
            0.000679
        ],
        "eps_0.45": [
            5e-06,
            0.0,
            0.000924,
            0.0,
            0.0,
            0.0,
            0.0,
            0.0,
            0.998841,
            0.00023
        ],
        "eps_0.5": [
            2e-06,
            0.0,
            0.000448,
            0.0,
            0.0,
            0.0,
            0.0,
            0.0,
            0.999457,
            9.4e-05
        ]
    }
}