{
    "true_label": 9,
    "probs": {
        "eps_0.0": [
            0.0,
            0.0,
            0.0,
            0.0,
            0.000109,
            0.0,
            0.0,
            0.0,
            5.4e-05,
            0.999837
        ],
        "eps_0.05": [
            0.0,
            0.0,
            0.000124,
            4e-06,
            0.00168,
            3e-06,
            0.0,
            0.0,
            0.020358,
            0.97783
        ],
        "eps_0.1": [
            1.1e-05,
            0.0,
            0.009519,
            3.8e-05,
            0.002532,
            5e-06,
            0.0,
            0.0,
            0.727518,
            0.260377
        ],
        "eps_0.15": [
            4.9e-05,
            0.0,
            0.009077,
            2.5e-05,
            0.000305,
            1e-06,
            1e-06,
            0.0,
            0.959519,
            0.031023
        ],
        "eps_0.2": [
            7.5e-05,
            0.0,
            0.006472,
            2e-05,
            6.1e-05,
            1e-06,
            1e-06,
            0.0,
            0.987255,
            0.006115
        ],
        "eps_0.25": [
            6.3e-05,
            0.0,
            0.003795,
            8e-06,
            1.5e-05,
            0.0,
            1e-06,
            0.0,
            0.994738,
            0.00138
        ],
        "eps_0.3": [
            6.7e-05,
            0.0,
            0.002918,
            4e-06,
            5e-06,
            0.0,
            1e-06,
            0.0,
            0.996559,
            0.000446
        ],
        "eps_0.35": [
            9.1e-05,
            0.0,
            0.002479,
            3e-06,
            3e-06,
            0.0,
            1e-06,
            0.0,
            0.9972,
            0.000224
        ],
        "eps_0.4": [
            0.000121,
            0.0,
            0.001887,
            1e-06,
            2e-06,
            0.0,
            1e-06,
            0.0,
            0.997847,
            0.000141
        ],
        "eps_0.45": [
            0.000145,
            0.0,
            0.001449,
            1e-06,
            2e-06,
            0.0,
            1e-06,
            0.0,
            0.998299,
            0.000104
        ],
        "eps_0.5": [
            0.000164,
            0.0,
            0.001196,
            0.0,
            1e-06,
            0.0,
            1e-06,
            0.0,
            0.998556,
            8.1e-05
        ]
    }
}