{
    "true_label": 6,
    "probs": {
        "eps_0.0": [
            0.0,
            0.0,
            0.0,
            0.0,
            0.0,
            1e-06,
            0.999994,
            0.0,
            5e-06,
            0.0
        ],
        "eps_0.05": [
            1.6e-05,
            0.0,
            1e-05,
            1e-06,
            0.0,
            0.000259,
            0.979847,
            0.0,
            0.019867,
            0.0
        ],
        "eps_0.1": [
            1.2e-05,
            0.0,
            0.000166,
            4.5e-05,
            0.0,
            0.001312,
            0.015594,
            0.0,
            0.982872,
            0.0
        ],
        "eps_0.15": [
            0.0,
            0.0,
            5.9e-05,
            9.9e-05,
            0.0,
            0.000147,
            6e-06,
            0.0,
            0.999689,
            0.0
        ],
        "eps_0.2": [
            0.0,
            0.0,
            2.3e-05,
            0.000169,
            0.0,
            2e-05,
            0.0,
            0.0,
            0.999788,
            0.0
        ],
        "eps_0.25": [
            0.0,
            0.0,
            8e-06,
            0.000198,
            0.0,
            4e-06,
            0.0,
            0.0,
            0.99979,
            0.0
        ],
        "eps_0.3": [
            0.0,
            0.0,
            4e-06,
            0.00018,
            0.0,
            1e-06,
            0.0,
            0.0,
            0.999815,
            0.0
        ],
        "eps_0.35": [
            0.0,
            0.0,
            2e-06,
            0.000143,
            0.0,
            0.0,
            0.0,
            0.0,
            0.999854,
            0.0
        ],
        "eps_0.4": [
            0.0,
            0.0,
            1e-06,
            0.000136,
            0.0,
            0.0,
            0.0,
            0.0,
            0.999862,
            0.0
        ],
        "eps_0.45": [
            0.0,
            0.0,
            1e-06,
            0.000152,
            0.0,
            0.0,
            0.0,
            0.0,
            0.999846,
            0.0
        ],
        "eps_0.5": [
            0.0,
            0.0,
            0.0,
            0.000183,
            0.0,
            0.0,
            0.0,
            0.0,
            0.999816,
            0.0
        ]
    }
}