{
    "true_label": 6,
    "probs": {
        "eps_0.0": [
            0.0,
            0.0,
            0.0,
            0.0,
            2e-06,
            0.0,
            0.999997,
            0.0,
            0.0,
            0.0
        ],
        "eps_0.05": [
            2e-06,
            0.0,
            0.0,
            0.0,
            0.018101,
            2e-06,
            0.981845,
            2.3e-05,
            2.7e-05,
            0.0
        ],
        "eps_0.1": [
            8e-06,
            0.0,
            0.0,
            3e-06,
            0.950227,
            3.6e-05,
            0.049376,
            0.000131,
            0.000192,
            2.6e-05
        ],
        "eps_0.15": [
            2e-06,
            0.0,
            0.0,
            1e-06,
            0.999732,
            1.9e-05,
            0.000133,
            2.4e-05,
            4.1e-05,
            4.8e-05
        ],
        "eps_0.2": [
            1e-06,
            0.0,
            0.0,
            2e-06,
            0.999772,
            4.2e-05,
            2e-06,
            1.5e-05,
            2.3e-05,
            0.000144
        ],
        "eps_0.25": [
            0.0,
            0.0,
            0.0,
            4e-06,
            0.999453,
            0.000143,
            0.0,
            1.4e-05,
            1.6e-05,
            0.00037
        ],
        "eps_0.3": [
            0.0,
            0.0,
            0.0,
            8e-06,
            0.999112,
            0.000459,
            0.0,
            1.7e-05,
            1e-05,
            0.000394
        ],
        "eps_0.35": [
            0.0,
            0.0,
            0.0,
            1.9e-05,
            0.997849,
            0.001767,
            0.0,
            2.6e-05,
            7e-06,
            0.000333
        ],
        "eps_0.4": [
            0.0,
            0.0,
            0.0,
            3.9e-05,
            0.992582,
            0.007089,
            0.0,
            4.3e-05,
            5e-06,
            0.000243
        ],
        "eps_0.45": [
            0.0,
            0.0,
            0.0,
            7.7e-05,
            0.97,
            0.029698,
            0.0,
            5.9e-05,
            3e-06,
            0.000163
        ],
        "eps_0.5": [
            0.0,
            0.0,
            0.0,
            0.000145,
            0.849159,
            0.15051,
            0.0,
            9.2e-05,
            1e-06,
            9.2e-05
        ]
    }
}