{
    "true_label": 9,
    "probs": {
        "eps_0.0": [
            0.0,
            0.0,
            0.0,
            0.0,
            0.000217,
            0.0,
            0.0,
            5e-06,
            0.0,
            0.999778
        ],
        "eps_0.05": [
            0.0,
            0.0,
            0.0,
            0.0,
            0.681469,
            0.0,
            0.0,
            0.000497,
            3.9e-05,
            0.317995
        ],
        "eps_0.1": [
            0.0,
            0.0,
            0.0,
            0.0,
            0.999609,
            0.0,
            0.0,
            0.000121,
            1.7e-05,
            0.000254
        ],
        "eps_0.15": [
            0.0,
            0.0,
            0.0,
            0.0,
            0.999938,
            0.0,
            0.0,
            5.1e-05,
            1e-05,
            0.0
        ],
        "eps_0.2": [
            0.0,
            0.0,
            0.0,
            0.0,
            0.999924,
            0.0,
            0.0,
            6.2e-05,
            1.4e-05,
            0.0
        ],
        "eps_0.25": [
            0.0,
            0.0,
            0.0,
            0.0,
            0.999909,
            0.0,
            0.0,
            7e-05,
            2.1e-05,
            0.0
        ],
        "eps_0.3": [
            0.0,
            0.0,
            0.0,
            0.0,
            0.999872,
            0.0,
            0.0,
            9.1e-05,
            3.7e-05,
            0.0
        ],
        "eps_0.35": [
            0.0,
            0.0,
            0.0,
            0.0,
            0.999834,
            0.0,
            0.0,
            0.000108,
            5.8e-05,
            0.0
        ],
        "eps_0.4": [
            0.0,
            0.0,
            0.0,
            0.0,
            0.999793,
            0.0,
            0.0,
            0.000119,
            8.8e-05,
            0.0
        ],
        "eps_0.45": [
            0.0,
            0.0,
            0.0,
            0.0,
            0.999709,
            0.0,
            0.0,
            0.000138,
            0.000152,
            0.0
        ],
        "eps_0.5": [
            0.0,
            0.0,
            0.0,
            0.0,
            0.999493,
            0.0,
            1e-06,
            0.000238,
            0.000267,
            0.0
        ]
    }
}