{
    "true_label": 9,
    "probs": {
        "eps_0.0": [
            0.0,
            1e-06,
            0.0,
            1.7e-05,
            0.000315,
            1e-06,
            0.0,
            1.3e-05,
            0.0,
            0.999653
        ],
        "eps_0.05": [
            0.0,
            0.000509,
            0.000205,
            0.00276,
            0.269717,
            0.00253,
            0.0,
            0.002707,
            0.000107,
            0.721466
        ],
        "eps_0.1": [
            0.0,
            0.000795,
            0.000342,
            0.00287,
            0.963664,
            0.025687,
            1e-06,
            0.003319,
            0.001458,
            0.001864
        ],
        "eps_0.15": [
            0.0,
            0.00064,
            0.000412,
            0.001736,
            0.879682,
            0.10573,
            0.000145,
            0.002926,
            0.008726,
            4e-06
        ],
        "eps_0.2": [
            0.0,
            0.00041,
            0.000653,
            0.001919,
            0.590907,
            0.34674,
            0.010246,
            0.003712,
            0.045413,
            0.0
        ],
        "eps_0.25": [
            1e-06,
            0.000228,
            0.001079,
            0.001323,
            0.260536,
            0.491738,
            0.173597,
            0.003847,
            0.067652,
            0.0
        ],
        "eps_0.3": [
            0.0,
            6.2e-05,
            0.001047,
            0.000336,
            0.058575,
            0.193673,
            0.704443,
            0.001709,
            0.040156,
            0.0
        ],
        "eps_0.35": [
            0.0,
            5e-06,
            0.000404,
            3.4e-05,
            0.005898,
            0.02931,
            0.954816,
            0.000397,
            0.009137,
            0.0
        ],
        "eps_0.4": [
            0.0,
            0.0,
            0.000132,
            2e-06,
            0.00073,
            0.003571,
            0.993639,
            0.000111,
            0.001815,
            0.0
        ],
        "eps_0.45": [
            0.0,
            0.0,
            4.5e-05,
            0.0,
            9.7e-05,
            0.000528,
            0.99898,
            4.5e-05,
            0.000306,
            0.0
        ],
        "eps_0.5": [
            0.0,
            0.0,
            2e-05,
            0.0,
            1.3e-05,
            8.1e-05,
            0.999811,
            2.9e-05,
            4.6e-05,
            0.0
        ]
    }
}