{
    "true_label": 8,
    "probs": {
        "eps_0.0": [
            0.0,
            0.0,
            2e-05,
            0.0,
            0.0,
            0.0,
            0.0,
            0.0,
            0.999965,
            1.4e-05
        ],
        "eps_0.05": [
            0.0,
            0.0,
            0.002614,
            1.8e-05,
            0.0,
            0.0,
            0.0,
            0.0,
            0.997204,
            0.000163
        ],
        "eps_0.1": [
            0.0,
            0.0,
            0.008743,
            4.9e-05,
            0.0,
            0.0,
            0.0,
            0.0,
            0.990997,
            0.000211
        ],
        "eps_0.15": [
            1e-06,
            0.0,
            0.013314,
            0.000101,
            0.0,
            0.0,
            0.0,
            0.0,
            0.986254,
            0.00033
        ],
        "eps_0.2": [
            2e-06,
            0.0,
            0.019849,
            0.000214,
            0.0,
            0.0,
            0.0,
            0.0,
            0.979375,
            0.00056
        ],
        "eps_0.25": [
            4e-06,
            0.0,
            0.029287,
            0.000439,
            0.0,
            0.0,
            0.0,
            0.0,
            0.969298,
            0.000972
        ],
        "eps_0.3": [
            8e-06,
            0.0,
            0.039882,
            0.000816,
            0.0,
            0.0,
            0.0,
            0.0,
            0.957731,
            0.001562
        ],
        "eps_0.35": [
            1.3e-05,
            0.0,
            0.052851,
            0.001376,
            1e-06,
            0.0,
            0.0,
            0.0,
            0.94355,
            0.002208
        ],
        "eps_0.4": [
            2.1e-05,
            0.0,
            0.069661,
            0.002052,
            1e-06,
            0.0,
            0.0,
            0.0,
            0.925506,
            0.002759
        ],
        "eps_0.45": [
            3.5e-05,
            0.0,
            0.097507,
            0.003087,
            1e-06,
            0.0,
            0.0,
            0.0,
            0.896493,
            0.002877
        ],
        "eps_0.5": [
            5.2e-05,
            0.0,
            0.129317,
            0.004498,
            2e-06,
            0.0,
            1e-06,
            0.0,
            0.86332,
            0.00281
        ]
    }
}