{
    "true_label": 8,
    "probs": {
        "eps_0.0": [
            0.0,
            0.0,
            0.0,
            0.0,
            0.0,
            0.0,
            0.0,
            0.0,
            1.0,
            0.0
        ],
        "eps_0.05": [
            0.0,
            0.0,
            0.0,
            0.0,
            0.0,
            0.0,
            0.0,
            0.0,
            0.999986,
            1.3e-05
        ],
        "eps_0.1": [
            0.0,
            0.0,
            0.0,
            0.0,
            0.0,
            1e-06,
            0.0,
            0.0,
            0.99985,
            0.000148
        ],
        "eps_0.15": [
            0.0,
            0.0,
            2e-06,
            0.0,
            1e-06,
            3e-06,
            1e-06,
            0.0,
            0.999245,
            0.000747
        ],
        "eps_0.2": [
            2e-06,
            0.0,
            1e-05,
            1e-06,
            3e-06,
            8e-06,
            5e-06,
            0.0,
            0.997497,
            0.002474
        ],
        "eps_0.25": [
            1e-05,
            0.0,
            4.5e-05,
            6e-06,
            7e-06,
            2.1e-05,
            1.6e-05,
            0.0,
            0.992964,
            0.00693
        ],
        "eps_0.3": [
            3.2e-05,
            0.0,
            0.000167,
            2.6e-05,
            1.7e-05,
            4.5e-05,
            3.9e-05,
            0.0,
            0.983135,
            0.016537
        ],
        "eps_0.35": [
            0.000101,
            0.0,
            0.000565,
            9.5e-05,
            4e-05,
            8.9e-05,
            9.1e-05,
            0.0,
            0.96445,
            0.034569
        ],
        "eps_0.4": [
            0.000286,
            0.0,
            0.001526,
            0.00024,
            7.8e-05,
            0.000151,
            0.000202,
            0.0,
            0.94005,
            0.057467
        ],
        "eps_0.45": [
            0.000671,
            0.0,
            0.003039,
            0.000375,
            0.000114,
            0.000198,
            0.000364,
            0.0,
            0.919497,
            0.075741
        ],
        "eps_0.5": [
            0.001425,
            0.0,
            0.005174,
            0.000522,
            0.000174,
            0.000273,
            0.000695,
            0.0,
            0.899378,
            0.092359
        ]
    }
}